PERSON_ID,ACCOUNT_NUMBER,DOCUMENT_ID,ROW_CREATED_TIMESTAMP,ROW_UPDATED_TIMESTAMP
92340542405,3.56E+15,74063008234,11/1/2019 13:30,2/7/2020 13:34
63359629108,3.56E+15,56039100421,1/14/2011 14:37,2/24/2020 4:32
74311280002,3.59E+15,96024503694,10/5/2013 4:05,1/23/2016 20:32
15726014805,5.89E+17,23051405424,1/18/2004 3:03,12/30/2016 18:57
71904734008,3.54E+15,47056401787,11/29/2017 2:28,9/7/2016 10:42
21688492500,2.02E+14,34063506765,1/12/2011 21:49,1/23/2020 16:44
71818525606,5.11E+15,15097004297,6/10/2005 9:49,10/9/2015 5:28
6841686707,4.90E+17,28032006836,1/4/2003 22:17,4/6/2015 20:25
49795809407,5.60E+17,86049509558,4/26/2005 15:09,5/29/2016 6:28
84991987008,3.53E+15,13024203300,10/2/2000 0:14,3/4/2018 0:01
27948756701,3.57E+15,92011801073,6/5/2012 18:42,1/21/2020 9:48
92444066607,3.58E+15,46096903106,12/20/2001 13:51,8/9/2019 18:13
53931163104,3.58E+15,23098706772,9/20/2009 19:02,7/10/2019 7:15
68885191309,3.54E+15,17078800346,12/9/2002 11:53,9/6/2018 5:45
81163076202,3.57E+15,72087708439,3/2/2005 18:39,12/18/2015 19:51
26415409803,2.01E+14,36039509512,12/29/2016 20:51,6/4/2018 1:35
57271536809,5.12E+15,43062009044,8/29/2012 20:29,11/11/2020 23:08
49441105002,5.60E+17,56073200235,1/14/2010 18:44,10/21/2020 2:53
7248654406,3.55E+15,11065600308,2/17/2005 0:13,6/12/2019 17:35
87637515707,3.59E+15,94024708687,5/24/2013 23:26,10/12/2020 2:07
87929644806,4.90E+17,69005008905,7/9/2019 13:37,4/11/2019 19:56
93267719907,3.55E+15,45054709073,10/27/2015 19:02,4/4/2016 20:55
78854999208,3.58E+15,97092403007,9/28/2016 22:18,10/25/2015 15:33
36945605103,5.02E+18,82081400226,4/8/2006 13:12,9/7/2015 6:52
64256961608,3.57E+15,44038806416,6/16/2002 17:10,7/20/2016 6:46
20310388206,3.57E+15,4055501720,10/23/2016 12:28,9/4/2017 23:04
25038816808,5.60E+18,72021406114,3/14/2000 5:23,10/4/2019 14:00
63398261005,2.02E+14,56070607654,7/28/2015 13:28,7/26/2015 13:28
29520975805,5.60E+15,88025902599,1/23/2012 23:34,4/1/2019 22:08
12855953207,5.55E+15,28076209857,1/9/2018 13:58,1/24/2016 11:09
96891577404,3.56E+15,53011704690,3/23/2004 19:58,8/31/2018 7:46
53929672201,5.60E+15,36075600644,10/2/2013 2:28,11/15/2016 19:27
17631265807,4.81E+15,83039808596,3/16/2002 9:45,10/11/2020 12:30
80235985809,3.55E+15,73071201473,6/16/2003 4:48,4/4/2017 10:42
12051526600,6.30E+15,86078306434,1/3/2005 23:44,8/21/2015 0:51
59508402302,3.53E+15,1061408922,3/9/2008 12:14,5/28/2020 7:49
96610114403,4.92E+15,57089403162,10/11/2013 9:28,11/9/2015 4:52
62795727006,6.76E+15,9000306215,12/3/2018 7:18,5/10/2017 19:18
26775316508,5.00E+15,61032601326,10/26/2011 10:29,11/7/2015 8:54
95572220000,3.56E+15,31087407190,10/20/2001 20:43,8/31/2017 5:52
40512861304,4.90E+17,4045706208,6/6/2017 14:26,1/26/2018 11:40
1337549807,3.57E+15,37072501122,4/18/2015 17:05,5/11/2018 2:47
91674780304,3.59E+15,77006509007,11/17/2001 15:12,8/31/2018 23:01
80120215208,5.00E+15,85037301991,9/13/2007 14:28,9/3/2015 7:15
1877417501,3.59E+15,22026008950,5/5/2015 2:12,5/28/2019 3:53
66606571000,3.38E+14,53087402856,1/27/2010 16:09,2/20/2020 10:48
70355948608,3.54E+15,98089301886,3/1/2019 0:20,12/9/2015 7:52
19846754000,3.54E+15,27095206928,9/15/2002 21:24,11/12/2020 3:26
63907957805,3.55E+15,67006105369,7/20/2015 20:38,7/9/2018 19:16
80587103402,3.55E+15,33062104770,8/3/2002 3:00,12/6/2015 2:54
87925646606,3.03E+13,1019806696,12/19/2013 16:06,4/6/2015 0:13
17037488302,3.02E+13,87090900397,11/9/2003 12:49,1/5/2017 11:12
16240241104,6.76E+16,59099508659,7/15/2018 19:32,11/5/2018 18:07
78059279502,3.56E+15,61011502836,9/21/2017 11:13,4/7/2018 10:52
5637695604,5.37E+15,22016400992,10/27/2012 16:20,2/25/2018 12:12
89065095601,2.01E+14,42098006842,1/8/2005 9:16,2/26/2015 13:12
36537892300,3.54E+15,58094104348,5/15/2016 15:57,9/19/2016 1:49
92768021500,3.53E+15,74085605933,1/11/2004 3:02,3/9/2020 9:08
61451535004,3.03E+13,14062001509,7/15/2009 18:01,6/27/2017 19:08
7873160705,5.00E+15,64014904489,1/18/2002 11:37,8/1/2017 17:53
79160824809,3.56E+15,96098300192,4/4/2005 14:48,2/23/2019 7:53
40754919305,3.04E+13,22067002244,7/7/2018 17:07,4/22/2018 15:51
21823656103,4.94E+17,7092003937,10/28/2012 12:33,5/27/2017 15:50
40903486608,5.52E+15,14072908746,3/27/2010 23:11,11/5/2015 4:49
56014452104,6.39E+15,86091708437,9/22/2001 5:03,5/2/2015 9:17
23721024708,3.58E+15,91029902472,8/23/2014 14:30,4/30/2016 16:10
38307319409,5.05E+15,68048107164,3/15/2007 0:09,5/3/2016 0:09
6878195102,3.54E+15,50004307577,3/22/2009 1:25,8/1/2016 22:36
80092685304,3.56E+15,8074804756,12/30/2014 12:52,6/14/2019 16:16
42292715605,5.60E+15,77026206049,8/22/2009 19:58,6/3/2015 22:12
12234204805,5.33E+15,16073102965,9/25/2010 6:01,7/7/2016 3:38
9326709101,3.54E+15,97035303588,11/23/2009 8:47,6/5/2017 9:27
15473375607,5.60E+15,55018400761,5/21/2002 7:11,11/15/2017 13:50
59930818103,2.02E+14,69025704155,5/10/2019 17:49,1/15/2020 22:47
55519515209,4.91E+17,63037700232,5/3/2014 2:45,2/28/2017 13:14
33429634401,4.18E+15,24022303078,12/14/2014 21:12,9/9/2019 2:07
7650590601,5.43E+15,61046408835,7/23/2017 14:34,3/1/2020 17:47
32001781400,6.77E+18,3062002145,6/10/2010 21:36,12/25/2015 2:11
13423800100,3.57E+15,53016005361,2/15/2002 19:41,5/6/2018 15:25
55946020602,4.92E+15,94013201215,4/30/2000 14:13,7/19/2019 23:32
68510823006,3.56E+15,42014405961,2/17/2019 14:26,12/11/2017 11:33
13482283903,3.55E+15,6000308874,2/24/2016 19:30,3/20/2017 19:02
36523007206,2.02E+14,99003401007,4/6/2001 5:23,1/12/2021 14:10
67722214708,6.33E+17,3084805454,5/14/2013 22:20,1/9/2021 4:15
57400039406,5.00E+15,5055102848,10/6/2006 23:04,9/11/2015 2:38
93268993801,5.60E+15,8068701046,4/15/2004 0:50,10/2/2017 12:47
19018536509,5.60E+15,14027008425,11/6/2005 12:06,12/21/2017 22:45
51516335809,6.77E+17,90042904642,10/11/2005 12:53,4/29/2017 12:15
9865881408,5.16E+15,20080301171,5/26/2017 11:10,3/13/2020 11:56
96982705400,3.56E+15,51030009246,1/22/2018 5:43,7/20/2016 7:10
23055824200,3.57E+15,21051701499,6/27/2013 5:20,7/31/2016 1:10
36731661301,3.58E+15,4066607741,6/6/2001 2:35,10/16/2020 20:30
87684459504,3.56E+15,79060304205,4/9/2003 4:58,12/10/2015 3:28
87342257104,3.54E+15,90087104784,12/16/2002 17:32,9/27/2018 0:13
67426933908,3.54E+15,1016606756,2/28/2011 6:04,10/28/2017 2:23
85386226009,4.04E+12,29011906414,3/3/2005 12:33,4/17/2018 10:49
61396455900,4.90E+18,33023004582,10/11/2011 3:06,1/30/2016 20:04
97041556504,2.02E+14,88025706646,3/26/2003 15:01,11/9/2016 13:19
18994171804,4.04E+12,11076203632,4/12/2015 10:29,6/25/2020 11:29
98516123901,3.56E+15,67048305086,3/17/2018 12:36,5/10/2019 3:34
47571564103,3.53E+15,99015803802,9/14/2005 5:40,2/4/2019 21:10
75997548507,3.01E+13,56081107344,7/2/2011 15:48,9/28/2020 13:17
44132965400,3.05E+13,30092205457,12/29/2008 18:16,12/25/2019 15:24
12444720903,6.30E+18,32013300389,2/22/2009 17:41,7/4/2019 3:10
39397958807,5.10E+15,89037109935,10/21/2001 2:54,6/22/2018 13:45
14978165909,3.58E+15,68029305371,2/1/2005 13:21,6/16/2020 9:06
76651590807,3.55E+15,44002907849,5/9/2000 11:14,2/19/2017 17:23
7790231503,5.61E+16,20045408430,2/17/2004 9:40,2/13/2019 20:22
46441639906,3.57E+15,22023505736,3/19/2005 14:46,8/15/2018 5:19
21805485705,3.56E+15,10013503559,12/6/2007 3:22,4/29/2020 5:54
877465409,3.04E+13,22090106469,7/9/2019 21:08,7/21/2020 10:09
28006957202,4.03E+15,73042200624,1/25/2000 13:52,11/16/2019 11:55
80740059009,5.02E+17,67054802325,4/20/2004 1:44,5/25/2017 22:25
15794450908,5.04E+15,65051708706,2/10/2000 11:53,2/23/2020 9:34
27142576606,3.74E+14,30002408620,12/21/2011 5:47,1/19/2017 11:35
6168854704,4.51E+15,36086602002,1/10/2015 1:52,6/2/2017 13:32
77392147001,5.01E+15,11080609460,4/7/2004 17:13,7/21/2020 20:27
26763976702,3.56E+15,68079803987,6/8/2013 6:00,12/7/2017 9:59
69903045700,3.55E+15,45042602123,7/18/2016 8:15,2/11/2015 9:06
11136376107,3.57E+15,77005308020,11/17/2006 9:42,1/20/2020 14:05
38665345400,3.57E+15,3009700495,2/25/2006 14:03,2/18/2020 13:48
54287418408,3.56E+15,75078501367,11/22/2003 14:15,9/11/2015 13:48
24570115203,3.76E+14,72020003168,6/23/2003 4:36,2/20/2016 18:57
36658289503,6.71E+16,69034509460,5/13/2008 5:20,7/24/2019 20:41
43929733709,5.61E+15,82082906765,5/8/2008 0:59,9/13/2018 16:29
74375637308,5.55E+15,25075002581,12/9/2018 19:56,5/5/2018 0:24
96183562408,6.71E+17,37044008096,1/28/2001 19:56,10/24/2017 11:41
2160200903,3.05E+13,20027100618,10/12/2001 13:37,3/13/2015 6:36
13683512908,3.01E+13,78007700548,3/23/2013 11:52,9/18/2016 20:34
38334231700,3.58E+15,99048509597,8/25/2014 1:26,6/17/2018 0:57
34788726805,3.05E+13,34042506431,1/4/2016 22:34,2/9/2019 0:14
25845267403,4.02E+15,25050608702,7/23/2012 16:56,2/7/2017 18:06
24167703006,3.53E+15,34066803136,5/28/2012 12:14,5/22/2016 18:44
30651239302,3.53E+15,63053406986,7/15/2002 22:48,7/1/2018 2:08
77421670609,5.60E+15,60099407813,7/8/2010 20:57,9/16/2015 20:39
68483548604,3.54E+15,55015001053,12/7/2008 17:07,3/11/2019 11:02
2509690401,5.43E+15,80036001715,2/7/2005 16:50,2/6/2019 15:17
59905211406,5.59E+15,59063606020,6/22/2012 17:39,5/16/2018 18:05
43257748900,2.02E+14,78026405038,11/7/2002 9:47,1/10/2019 23:51
23980513400,3.02E+13,36025504179,6/16/2012 8:45,3/11/2020 3:37
84944488200,6.30E+15,12012603914,11/19/2017 20:59,7/15/2018 0:13
11841963101,3.56E+15,69054208772,2/22/2019 15:30,11/18/2019 18:23
11612428300,4.90E+15,6070400499,12/17/2004 9:49,10/30/2019 8:04
80085876001,4.02E+15,15015705026,12/29/2011 11:02,6/1/2017 20:03
11953175900,3.56E+15,40045400226,9/14/2003 13:21,12/9/2020 0:46
66556909600,4.41E+15,4078904532,9/2/2019 11:21,2/25/2016 4:09
52129830700,5.61E+16,1044102292,9/19/2013 20:24,5/11/2020 17:28
6071385506,2.02E+14,73098802998,3/28/2004 10:53,3/4/2018 7:12
19736215303,3.54E+15,94060808804,4/24/2013 7:21,12/23/2020 3:56
35186247902,3.57E+15,98041404798,10/22/2003 8:24,6/26/2018 20:41
92695860006,4.39E+15,84069008371,4/1/2019 10:24,3/31/2016 20:38
96772113105,3.57E+15,22060203671,5/20/2013 0:45,8/9/2016 0:47
56691043301,6.71E+16,43033208087,4/26/2017 13:42,2/15/2017 11:35
18680817601,3.57E+15,7055400104,11/10/2007 1:50,9/20/2018 21:14
45263302506,5.04E+15,74069108309,6/22/2002 2:05,1/15/2018 21:55
32666296908,4.94E+18,20005708721,6/1/2011 23:27,8/31/2015 19:41
30079877706,5.01E+15,82006200104,2/19/2014 1:17,1/13/2017 9:04
73544569304,5.10E+15,54078703110,6/13/2000 3:05,6/14/2017 8:44
14978889103,6.77E+17,72035801407,12/16/2016 23:40,9/21/2017 17:51
29462561907,3.42E+14,14027109347,3/20/2000 7:49,12/12/2015 4:38
79336332000,3.57E+15,32035805730,9/30/2009 5:50,12/7/2016 16:18
21132563102,3.58E+15,26018504072,3/24/2014 14:28,2/11/2016 1:48
50018862905,3.57E+15,41078806055,10/18/2009 1:55,4/14/2019 12:08
74330951001,4.04E+12,56036702175,1/14/2008 0:28,1/8/2016 13:32
18149389203,5.01E+15,50061800191,9/27/2013 21:25,8/27/2015 0:37
8550129000,3.54E+15,91036805415,12/7/2010 11:25,9/1/2019 12:41
79837034104,3.57E+15,4007308979,6/26/2007 19:11,7/13/2020 1:06
24387895507,5.60E+18,29025703817,1/20/2010 6:34,3/31/2015 1:55
4728616700,3.57E+15,94084100198,6/12/2012 20:48,9/14/2020 5:52
16168904600,2.02E+14,58013204947,7/17/2009 6:08,9/30/2019 5:39
19829078000,3.55E+15,69018901520,12/14/2011 7:23,2/26/2019 19:34
45425333600,3.56E+15,27016507312,11/24/2003 5:33,5/8/2015 5:30
54644255305,6.33E+15,22029100612,6/18/2005 13:56,11/21/2016 9:26
60820860802,3.55E+15,23073605290,5/17/2011 10:24,12/3/2015 11:09
4364483403,5.89E+16,92075305987,3/20/2012 4:57,1/5/2018 15:05
59585416009,5.38E+15,68040904115,1/3/2019 5:49,12/20/2018 17:10
67010969103,3.00E+13,69015702309,1/1/2015 6:53,8/4/2017 20:28
67106982101,3.56E+15,75071709744,4/6/2002 20:23,10/31/2019 1:21
30467884600,3.54E+15,57083000636,10/7/2011 18:07,12/22/2020 11:28
41739440200,3.54E+15,46045503295,6/28/2015 16:07,8/9/2018 18:28
34040142000,3.56E+15,54068408043,1/31/2019 22:25,6/1/2016 4:55
6480661707,6.71E+15,91007901005,11/20/2013 6:04,2/13/2016 19:11
94330551001,3.59E+15,69028500379,11/6/2018 12:02,11/25/2016 3:49
48561399607,5.60E+17,34009202444,8/31/2004 1:07,1/16/2018 3:57
43052090004,3.58E+15,95006505357,5/7/2007 4:35,8/22/2015 23:36
7002368201,5.57E+15,94049807057,2/19/2012 22:24,1/30/2017 14:31
51397041700,5.35E+15,62001606194,10/17/2013 18:52,4/19/2017 1:44
67709537900,3.56E+15,23084700791,6/21/2004 23:59,4/4/2015 14:16
38911324303,6.38E+15,71003506509,6/6/2002 11:37,6/4/2018 13:12
10964556303,4.91E+17,29082102397,9/6/2009 9:52,9/28/2018 11:44
23375582301,3.54E+15,68016501878,4/16/2018 7:59,10/7/2016 15:12
55910003800,5.05E+15,18096603447,7/3/2004 19:11,7/20/2018 11:53
20388987508,4.84E+15,3096703142,3/1/2018 17:07,8/7/2015 20:45
64018397607,6.76E+15,39057804427,2/2/2002 3:46,4/20/2015 8:30
27598097801,3.59E+15,72062806318,8/16/2005 2:04,2/7/2017 5:19
24032079206,5.61E+16,57078905307,5/12/2014 1:41,5/14/2018 8:59
88479734409,5.60E+16,50080405129,9/12/2008 16:22,9/16/2020 11:27
55492801607,3.56E+15,61092205846,1/29/2012 1:15,6/12/2019 13:31
4689602306,3.00E+13,43074405996,10/29/2017 14:52,3/13/2015 8:28
47766302605,6.05E+17,27000705205,2/1/2008 2:56,2/24/2017 5:56
55390348702,3.74E+14,36022902866,12/15/2008 15:05,6/16/2015 22:13
2992933305,3.53E+15,92017006595,10/17/2012 0:24,7/17/2017 4:53
3242887806,5.60E+15,91012108050,5/2/2010 10:05,3/31/2018 2:04
36356546505,3.58E+15,66025900936,5/15/2014 18:26,9/25/2016 18:44
87094204905,6.76E+18,43057601033,6/2/2008 15:21,10/7/2017 2:56
97974598405,3.02E+13,51070109879,8/28/2004 15:57,2/18/2016 10:37
94779820901,5.10E+15,27086903415,9/21/2004 21:15,3/8/2019 15:14
49622546903,4.04E+15,54097609035,3/19/2011 21:56,3/12/2020 21:57
63579122908,3.58E+15,40018303899,9/15/2009 23:11,2/5/2020 9:13
32208619101,3.56E+15,39063600355,5/20/2016 15:14,6/8/2020 1:13
41598668400,3.55E+15,61063405279,3/22/2009 15:09,2/17/2015 16:03
82420843501,3.74E+14,91049005938,2/14/2019 18:34,4/28/2015 11:03
32413544802,3.74E+14,19065204849,11/13/2010 16:42,5/23/2015 7:20
2870882501,6.76E+16,89019301499,6/21/2014 19:40,11/10/2020 18:47
14507427108,5.05E+15,48058408293,6/28/2003 13:12,12/1/2015 18:43
19597151600,3.38E+14,22089907702,1/4/2013 1:00,1/19/2021 10:25
78441783906,3.57E+15,6094905029,2/16/2006 20:11,3/4/2020 14:16
19872002205,4.04E+12,45054307347,12/23/2018 8:49,11/19/2017 23:50
77254213403,3.05E+13,95067905644,11/22/2000 6:15,4/1/2015 1:20
51543936501,5.60E+17,93037807497,2/25/2004 21:47,10/3/2015 22:19
13335002700,6.76E+18,86054209801,8/22/2013 23:31,7/23/2018 12:17
69669243609,4.92E+15,16071603431,4/9/2001 0:31,8/16/2016 21:38
56074045807,5.01E+15,99079204117,10/9/2013 13:07,8/4/2016 2:13
28756828605,3.54E+15,96088009690,7/23/2014 22:46,2/9/2015 9:35
32609954309,3.57E+15,79040208969,2/11/2011 19:06,6/30/2018 22:31
89736420801,3.53E+15,24099201726,3/25/2008 1:25,12/3/2018 3:08
28180520205,3.02E+13,74055109672,2/21/2006 15:12,2/28/2020 18:46
37294185800,3.57E+15,67025806767,1/31/2000 0:16,6/7/2019 7:54
85149174102,3.54E+15,96005904442,12/5/2011 6:01,2/5/2015 23:37
22657019701,5.60E+18,47007778,7/23/2014 9:54,2/10/2019 6:18
20212060205,5.58E+15,9062304854,10/29/2017 21:37,4/8/2017 13:52
64317976701,3.04E+13,72016208022,9/17/2019 16:12,5/26/2019 14:55
80318307003,4.94E+17,29009606228,4/28/2011 4:49,10/7/2017 2:57
11018115404,3.58E+15,71033501450,9/30/2002 2:01,6/11/2017 10:22
38092759909,5.60E+15,23099601114,10/30/2015 7:43,8/15/2019 13:51
5976148409,3.56E+15,78081202178,3/21/2002 11:59,2/29/2020 19:40
88566839700,5.04E+16,4084801410,10/26/2004 16:26,5/22/2016 0:28
56291461202,6.30E+16,10055406435,3/17/2009 20:20,10/25/2016 21:28
41958598705,2.02E+14,57007003595,6/14/2007 17:04,3/30/2015 1:13
10919803605,4.91E+17,2015908486,10/18/2017 23:47,1/2/2017 18:09
33575479700,3.55E+15,19095506398,10/11/2006 10:06,9/30/2018 22:50
9371509302,5.60E+15,23004109175,7/21/2008 19:26,11/18/2017 0:39
89245365509,5.05E+15,43008503229,9/24/2013 18:59,5/3/2019 4:00
37124547509,3.02E+13,84000206222,11/13/2008 15:59,11/16/2019 9:24
54741840108,3.74E+14,51044004659,8/4/2002 17:29,9/10/2017 5:44
49382618505,2.01E+14,12018406444,9/9/2013 22:30,8/23/2019 16:34
58858657600,2.02E+14,52040302178,10/16/2010 14:53,5/22/2019 14:25
88657012903,2.02E+14,21096707964,12/30/2014 12:43,11/26/2018 8:10
28457994602,3.58E+15,48047200674,1/30/2019 3:24,5/18/2017 22:25
75261543601,3.55E+15,50095805091,12/4/2010 3:32,1/30/2015 3:11
54048276601,3.58E+15,51080806483,4/20/2017 7:14,1/14/2017 12:36
78231428103,6.76E+18,19004208510,1/8/2010 8:27,9/11/2020 3:55
79418749700,3.54E+15,55075504448,4/15/2005 12:56,7/22/2019 23:18
42650315502,4.04E+15,23077208210,4/19/2018 16:12,2/15/2018 15:03
20405467802,3.55E+15,19080004606,4/18/2012 19:42,11/6/2017 16:40
79122691500,3.58E+15,34081705530,4/29/2016 18:33,9/1/2015 8:24
97955361303,5.01E+15,92018304883,10/9/2016 7:54,1/28/2019 19:29
51774781801,3.57E+15,84035000455,5/19/2002 9:32,5/21/2019 18:08
31581245800,6.04E+14,76057309231,12/4/2018 5:16,3/26/2015 16:16
45573821206,4.90E+18,87022802003,4/11/2011 18:53,8/10/2015 5:50
51992175707,5.60E+16,15016009239,8/19/2004 6:30,12/16/2018 11:42
78380706600,3.54E+15,65088505755,2/1/2013 0:25,2/15/2019 9:58
94153938007,3.54E+15,36010801799,8/13/2005 11:41,9/4/2015 15:49
22837012001,4.94E+17,17036609737,12/23/2015 21:07,2/21/2019 14:02
10876747109,5.60E+17,58057702702,10/1/2009 0:47,10/19/2015 9:10
19492219809,3.38E+14,2063901624,2/4/2012 1:12,2/27/2017 18:16
94531487303,3.56E+15,67069305199,8/9/2009 0:55,1/25/2016 15:11
76937997002,3.56E+15,57002602297,9/8/2008 7:37,3/15/2017 21:55
19160815902,4.94E+17,5062103853,9/26/2010 22:36,8/17/2018 17:08
58232333601,3.58E+15,86026207653,5/8/2007 7:56,2/14/2016 0:57
22387814800,5.60E+18,95054805661,5/13/2008 1:05,8/5/2020 11:32
49176597100,3.57E+15,17034307673,10/19/2017 11:31,5/3/2020 0:12
51884435101,5.61E+16,72079908263,3/23/2010 22:47,7/7/2015 13:10
64981243304,3.58E+15,19098500744,11/4/2000 1:59,5/22/2015 17:20
21640565400,3.03E+13,55046209823,7/25/2003 10:48,12/10/2020 3:00
98886052607,3.55E+15,64067409377,11/30/2010 14:23,8/29/2020 15:12
88163097303,3.59E+15,26037609153,9/13/2016 19:14,7/25/2018 22:19
21887087205,6.40E+15,81032909016,4/28/2015 10:13,3/11/2017 19:54
62429583401,3.54E+15,16086200135,4/16/2004 4:31,9/15/2019 18:21
44013539109,5.60E+15,61093007950,1/20/2006 21:11,8/23/2018 0:00
23188935904,5.01E+15,13008809501,3/9/2006 13:17,1/16/2020 9:21
21476309108,5.89E+17,76098704556,3/16/2018 8:18,5/11/2020 3:09
94656796606,3.41E+14,44058306365,10/20/2010 18:34,9/28/2018 23:28
94422024800,5.60E+16,63061604235,8/21/2011 13:18,2/27/2015 3:23
99267951700,3.55E+15,22025008590,1/28/2013 14:12,6/29/2017 12:04
26281841303,4.03E+15,11016308542,8/18/2009 9:21,1/29/2015 2:04
92319929307,3.55E+15,64031006693,7/19/2001 15:25,5/10/2019 16:30
84663127202,5.05E+15,6078708320,1/28/2008 19:24,9/24/2019 20:58
47530257506,6.38E+15,59010409890,7/29/2001 0:15,9/13/2020 13:38
15311568207,6.40E+15,99055004768,9/7/2003 1:54,12/19/2020 11:39
28924265700,5.00E+15,96081402306,4/6/2008 8:53,5/2/2019 13:23
91405929208,3.59E+15,66018202707,12/5/2005 5:39,4/4/2017 21:14
39561205203,3.67E+13,90017901327,10/21/2016 19:22,12/5/2015 15:30
62970409606,3.56E+15,13014109189,10/31/2003 3:11,6/13/2015 15:26
79073303207,6.39E+15,87022308432,2/8/2003 6:17,3/31/2017 9:50
81418421002,3.57E+15,21081105371,8/4/2015 19:12,7/4/2020 23:07
76751630600,3.55E+15,52054704377,11/12/2000 18:33,5/21/2017 13:02
67509365407,3.58E+15,51098005499,7/30/2012 21:40,1/11/2016 12:25
44197005201,5.60E+15,44030906186,4/9/2003 15:23,3/25/2016 13:42
8361053602,5.11E+15,70041804542,10/3/2014 7:34,7/25/2015 18:19
33237219903,6.04E+17,27042206897,11/28/2016 13:59,2/28/2017 4:04
26422315206,2.02E+14,71034206266,8/13/2005 7:05,7/11/2018 0:09
2350724109,6.76E+18,99068900829,6/20/2014 6:43,11/19/2016 18:10
87811032505,3.72E+14,48017701520,8/4/2012 7:46,12/31/2016 17:25
59579687507,5.01E+15,77088202087,1/10/2016 3:46,3/8/2019 4:30
57154968100,4.92E+15,40042105650,9/16/2000 17:10,2/1/2019 14:43
97950578800,4.02E+12,49061707310,12/12/2008 21:50,9/15/2015 12:22
74239935801,3.59E+15,4071603478,10/17/2014 5:16,5/1/2015 13:09
90981970207,3.53E+15,54032104057,12/25/2003 23:52,5/3/2015 7:41
43001783408,3.55E+15,56050608490,9/14/2003 6:39,2/25/2016 23:47
93044413301,5.10E+15,8048605637,2/2/2013 1:34,12/11/2016 11:29
44152520100,5.56E+15,82056400268,7/28/2012 8:15,5/10/2018 10:30
83852650802,6.76E+18,11075201059,5/30/2003 10:40,5/25/2019 5:57
43645156309,3.57E+15,61002609382,6/6/2000 8:38,2/15/2015 14:25
52025361207,5.61E+15,52071104972,8/31/2013 16:39,3/3/2017 21:02
46286089907,5.10E+15,84080705850,2/23/2015 22:23,12/25/2020 7:37
83710929406,5.52E+15,68047503969,9/7/2010 18:29,4/9/2015 21:49
2397377205,3.57E+15,49084603122,6/30/2002 17:33,7/19/2015 2:12
98242495705,6.71E+15,69094804756,2/11/2010 12:51,6/1/2016 12:10
33038328200,3.72E+14,15097909232,11/1/2015 18:04,3/12/2017 3:18
21405269209,3.55E+15,41075206649,11/22/2013 7:23,8/9/2019 8:27
94704633802,5.11E+15,49005202471,12/22/2011 20:49,8/26/2018 12:04
61826048008,3.55E+15,99063603187,10/28/2006 7:51,8/3/2016 23:07
89667270609,5.60E+18,78054801372,11/9/2009 21:50,11/28/2017 8:12
59312259708,3.56E+15,37045908832,5/22/2005 20:56,8/7/2015 4:42
17008121409,3.55E+15,78026507970,10/30/2003 2:55,9/9/2020 11:51
9569969300,3.44E+14,72013409329,8/30/2018 17:29,9/23/2018 21:40
6521072605,4.04E+15,53074704624,6/30/2008 0:06,9/15/2020 12:00
86286297304,3.59E+15,71008906272,12/28/2009 17:33,8/3/2020 23:55
29820736205,3.58E+15,78031702077,8/21/2013 10:26,12/21/2016 20:27
21524152005,4.91E+15,55051008948,5/31/2011 15:37,8/5/2016 20:58
16918434802,3.56E+15,3047000506,5/14/2017 1:50,12/10/2015 20:46
52536177905,4.91E+15,3014400548,10/13/2006 16:47,12/8/2016 3:26
58134520001,6.33E+18,92070601657,11/23/2012 2:08,8/11/2017 15:14
36134770009,5.35E+15,76096601887,3/11/2016 17:02,2/2/2017 21:16
7084942805,3.54E+15,65006807265,6/27/2000 8:24,2/26/2016 7:46
58056149404,3.56E+15,41055909208,9/14/2017 10:46,5/11/2019 8:24
95856278009,3.59E+15,53059508484,7/27/2005 11:04,11/26/2016 4:55
60503639000,3.74E+14,66069903682,3/6/2004 9:11,8/12/2018 19:38
46804058909,2.02E+14,61015903721,12/26/2009 16:13,12/27/2020 9:35
96109478607,6.76E+15,24059507573,8/29/2005 0:32,5/26/2016 12:11
34837694407,3.58E+15,23097606191,10/20/2018 8:21,11/21/2015 17:28
6796223900,3.02E+13,95048300210,8/15/2001 15:13,1/5/2016 7:50
3808627403,3.55E+15,56094003871,7/26/2015 7:55,10/14/2017 9:04
20632306804,5.49E+15,32009307725,4/16/2013 13:23,8/19/2020 17:34
6368083806,3.57E+15,45046508346,8/13/2011 8:15,9/7/2016 11:14
51232392501,3.57E+15,16020304331,4/3/2006 2:01,3/6/2018 23:14
10408071403,3.38E+14,35023104837,10/2/2004 6:39,5/16/2016 7:47
58948209709,3.57E+15,56088705346,1/4/2010 11:14,1/23/2020 20:24
22738305604,3.57E+15,81021706150,4/25/2009 2:09,3/31/2015 8:10
15012535006,3.55E+15,43036304878,12/28/2001 14:06,9/23/2019 2:29
87116678000,3.58E+15,29055307055,8/3/2011 1:35,9/3/2018 1:00
25173581009,5.60E+15,63049306736,2/11/2006 14:50,3/12/2017 18:06
32507565800,4.03E+15,88044305224,5/11/2015 13:41,4/2/2015 20:08
69430300501,3.53E+15,38053109485,12/30/2010 6:51,4/4/2019 8:33
54114095600,2.02E+14,98047401247,2/18/2008 10:15,1/23/2020 3:43
55061967107,3.53E+15,68075508220,3/6/2010 7:58,3/16/2020 6:57
29058571405,3.75E+14,25013207219,11/28/2013 18:24,11/13/2017 5:58
86736754201,3.53E+15,71009600242,7/25/2018 9:41,1/3/2019 10:11
72607745303,4.02E+15,44002106644,2/23/2004 1:32,11/27/2020 10:35
82757494009,6.33E+17,52033706814,2/26/2008 15:03,5/15/2016 5:24
31445048105,3.58E+15,10062300357,2/14/2008 11:04,6/25/2017 11:23
41975927709,3.57E+15,81074204737,12/12/2000 10:14,1/29/2020 11:13
31192698302,3.75E+14,67041703629,8/13/2013 2:57,10/19/2015 18:34
12554757300,6.33E+15,4049405121,10/4/2008 0:08,7/12/2018 9:01
51609426209,4.91E+15,26074205085,4/19/2007 21:26,10/9/2017 7:15
38076575401,5.60E+16,75092307538,9/23/2011 0:21,1/8/2018 20:45
25479237500,6.33E+15,92001303804,6/13/2012 0:33,11/22/2019 13:29
35891885307,3.54E+15,59052706484,4/6/2004 13:34,6/19/2015 21:38
96050712105,3.57E+15,12001701793,4/19/2012 5:49,3/17/2018 9:59
50590180204,6.76E+17,95011303073,12/31/2010 3:18,4/15/2018 10:12
18042409508,3.58E+15,93044007943,7/17/2016 0:38,10/6/2018 20:32
271087803,5.02E+17,88042607010,2/18/2002 15:52,7/21/2016 0:11
86692517600,5.60E+17,53017009399,3/18/2004 9:39,2/2/2019 11:32
44140841408,5.10E+15,61059305592,3/5/2002 3:46,9/24/2017 20:19
31026699300,3.59E+15,63069600468,4/28/2018 15:43,8/5/2016 12:42
87165390600,4.03E+15,12087907621,2/6/2018 7:24,7/18/2019 11:23
89559657209,3.53E+15,78010605014,5/15/2018 22:57,6/29/2020 0:59
72676773004,3.58E+15,53019904641,10/13/2018 23:14,4/4/2017 21:59
84510362600,3.57E+15,80070106439,6/1/2019 0:57,8/19/2015 15:35
54223520401,4.03E+15,4004102324,5/8/2004 7:51,8/19/2018 11:48
57010385005,3.55E+15,13086304565,12/9/2011 17:58,12/12/2019 18:33
63436308005,5.60E+16,99051602803,11/5/2000 18:35,10/29/2017 18:16
67663286507,6.30E+17,65036505257,3/14/2006 10:39,1/18/2018 1:57
1601535605,3.75E+14,96006102899,1/21/2012 20:04,6/25/2019 14:55
91059744307,3.55E+15,84074602476,5/31/2013 0:21,11/14/2016 0:44
79743152700,3.56E+15,66047300537,9/29/2007 11:56,11/12/2015 19:49
55090549800,3.74E+14,66097504829,11/4/2011 6:24,9/13/2017 5:34
21332826808,5.29E+15,42019203506,1/26/2009 10:18,10/26/2018 15:49
52659405808,3.53E+15,18044107128,11/19/2002 11:12,11/15/2016 3:20
27325204602,3.58E+15,58046202338,12/30/2011 0:34,10/28/2018 17:32
60210751601,3.53E+15,72082408849,3/26/2016 16:33,7/28/2016 9:10
83433757304,3.58E+15,2044801763,4/30/2012 1:57,12/29/2020 7:00
10046542403,3.58E+15,60094903966,10/12/2009 15:13,3/11/2019 3:04
73329983806,5.60E+16,30006507314,7/21/2018 7:52,10/12/2016 14:13
80273593706,3.55E+15,10030907664,12/1/2015 0:52,2/25/2015 5:58
71731588304,6.71E+16,95099108071,7/28/2004 4:53,6/29/2020 14:48
16547944507,3.54E+15,76089509406,7/18/2017 10:37,1/23/2015 7:34
54977874807,5.64E+15,3023309914,6/29/2002 23:46,9/30/2018 4:59
43085812703,3.59E+15,58031708785,7/23/2001 18:33,7/13/2015 14:57
45954045507,5.10E+15,25004207154,12/29/2009 19:50,8/26/2016 12:36
32346686603,3.55E+15,42015202965,9/21/2002 2:06,6/14/2017 22:46
20099079507,5.60E+15,77088406869,9/16/2015 23:56,2/16/2020 13:29
7628151008,3.53E+15,7019502927,6/17/2016 5:04,3/16/2018 21:55
19425112800,3.59E+15,84034208881,5/24/2013 0:16,7/31/2020 6:40
57784487400,3.55E+15,74063204667,6/1/2010 13:45,1/6/2020 2:48
22309927400,3.58E+15,14039606433,5/16/2018 0:29,6/3/2017 1:33
42537448500,4.91E+18,68011602745,4/13/2010 9:19,10/7/2016 20:05
76231884700,6.76E+15,48088707477,9/12/2007 19:35,9/18/2019 10:05
78388857905,3.70E+14,48020608452,10/19/2011 19:40,10/5/2016 17:23
92884802609,3.54E+15,88010903441,3/15/2012 1:58,9/23/2015 13:48
55802723607,3.54E+15,1014703371,6/6/2017 9:02,3/21/2018 8:29
42711015106,4.04E+15,40043309351,12/12/2002 15:18,3/7/2016 1:48
10164206205,3.55E+15,58057709549,4/16/2000 12:25,10/18/2016 19:39
79336687505,5.64E+15,34028901091,7/27/2019 12:27,9/28/2020 20:28
41500218103,5.61E+16,69029507727,1/18/2014 7:57,8/7/2019 17:25
21036303207,3.71E+14,28039503921,7/17/2018 16:01,3/25/2020 14:14
65906907301,3.57E+15,47066900200,7/10/2003 14:33,2/3/2015 8:57
85162043901,3.58E+15,72028904598,1/9/2016 14:54,3/30/2015 21:58
77381414205,3.54E+15,67072800090,11/2/2004 18:39,6/12/2015 14:27
45723352409,2.02E+14,15087003218,7/30/2014 5:01,1/2/2016 3:03
99492174802,3.53E+15,99070401971,11/16/2005 0:28,2/12/2020 2:02
55578099808,3.56E+15,21037705260,1/22/2008 20:23,10/19/2019 1:48
20217914509,3.55E+15,43035009397,7/29/2014 6:06,6/16/2018 15:05
80069665106,3.55E+15,53026309264,4/24/2017 17:48,4/15/2020 10:03
17583481708,3.75E+14,8077802092,3/19/2007 1:28,1/9/2016 22:46
8223802206,5.60E+17,52020708347,4/24/2004 16:00,6/24/2018 13:50
88908704708,3.57E+15,98016008248,7/1/2017 1:46,5/8/2019 4:31
20412634203,5.60E+15,33003805206,10/20/2009 0:28,7/16/2018 20:28
28984713408,5.48E+15,26040300790,5/7/2005 18:34,11/2/2016 10:55
65407720804,3.55E+15,33014604789,3/15/2011 7:56,9/4/2020 7:18
50453092903,5.60E+15,13024608745,6/9/2015 10:02,12/6/2015 14:10
58227002009,4.94E+15,77033405710,5/26/2015 5:20,9/22/2015 18:12
44990176100,6.38E+15,44080502421,8/13/2009 6:28,9/18/2018 11:52
51765170501,6.76E+16,77038008958,9/14/2007 6:18,11/25/2016 3:55
76884212608,3.54E+15,26051508478,2/4/2006 12:18,9/24/2015 6:23
10852403603,6.38E+15,99009903512,4/27/2014 1:34,10/31/2020 21:54
36069126804,4.20E+15,72022406261,7/12/2001 19:14,12/26/2020 2:38
76653697508,5.89E+16,81016408031,12/27/2014 16:52,6/3/2020 9:02
6611223807,3.54E+15,92027906965,1/14/2013 2:21,4/17/2016 13:15
28723153900,3.00E+13,41067501987,7/23/2017 10:09,6/7/2018 1:46
803005100,3.59E+15,64083507814,6/23/2007 4:28,1/1/2017 18:22
64291326608,3.57E+15,14072704427,2/12/2013 3:20,7/28/2020 21:04
80878741700,6.33E+18,38050904632,5/17/2012 13:10,3/30/2017 1:41
82126112702,3.55E+15,76033704558,12/20/2007 10:40,5/23/2017 6:24
18561493105,3.53E+15,46032907386,4/9/2010 23:45,4/11/2015 17:05
52758715200,4.51E+15,89027801018,6/16/2018 0:54,12/1/2020 4:02
44823633803,3.57E+15,86099602308,9/2/2015 0:04,9/30/2019 1:31
27201026208,5.60E+15,96080503336,7/26/2014 9:43,3/4/2015 4:44
72472419108,3.58E+15,86001200086,6/8/2005 14:19,11/25/2017 12:09
55777087808,3.56E+15,48066901731,7/3/2017 14:44,9/6/2016 16:53
12526867900,5.10E+15,7028605591,5/8/2008 10:15,10/13/2019 9:58
28135677502,3.72E+14,43076601408,2/19/2001 21:41,3/18/2017 0:14
7636981300,3.54E+15,23047506545,6/3/2008 17:17,7/17/2016 23:01
80368862403,3.56E+15,95055209383,2/18/2002 20:51,1/23/2018 18:32
20740994100,5.60E+15,14032500173,2/10/2005 1:31,8/13/2020 19:50
74335514500,5.64E+17,19070603030,3/1/2017 6:15,3/3/2017 0:15
20653297500,3.54E+15,33040104722,11/25/2019 22:16,6/17/2016 0:52
15501158200,3.53E+15,31063001596,2/5/2018 10:09,3/15/2016 1:53
23410176104,3.56E+15,41080208694,10/22/2011 19:23,8/19/2019 9:13
4428145500,2.02E+14,95052600972,11/19/2008 23:09,5/14/2015 6:37
85529765709,6.38E+15,2018704532,5/19/2009 1:19,5/21/2015 11:23
3024421200,5.05E+15,52058005711,11/25/2008 16:44,12/11/2017 14:51
88663395200,4.41E+15,33087207841,9/19/2015 14:16,7/2/2020 15:46
15048278506,3.55E+15,50082000383,7/8/2003 13:24,10/10/2016 21:08
25249339700,3.56E+15,92005004263,3/4/2002 4:15,4/11/2020 16:11
10102399700,6.40E+15,13056505525,9/22/2017 3:53,11/16/2018 8:21
52828241204,5.61E+15,59020906276,5/4/2002 22:25,5/20/2017 3:05
43035341405,3.54E+15,47078702299,7/18/2006 16:19,7/29/2017 21:00
70339668703,3.58E+15,30075609133,1/3/2017 17:23,10/14/2020 0:26
18263352609,2.01E+14,55082008775,1/5/2005 8:03,10/18/2015 9:51
11974164004,5.61E+15,61030306789,4/21/2012 22:23,3/10/2018 8:25
24463828806,5.10E+15,45030706288,8/25/2000 5:28,1/19/2018 9:17
15440987400,4.90E+18,34084900078,11/28/2012 15:06,5/6/2020 22:55
26318084905,3.57E+15,18096709960,9/29/2014 6:24,12/14/2018 6:06
29696576806,4.18E+15,2062405152,9/19/2016 5:03,11/10/2020 3:06
92719813509,3.56E+15,30029506025,11/3/2013 17:55,5/22/2020 23:42
73966016507,5.43E+15,14001502089,6/3/2018 20:20,5/13/2017 7:44
41963654707,5.60E+15,45044707845,4/25/2009 15:00,8/10/2017 4:41
41675108701,5.10E+15,79078107257,4/5/2016 5:53,5/19/2019 6:49
13249477604,3.54E+15,40061100843,12/28/2019 21:25,2/16/2019 14:42
46166943700,3.56E+15,43018002881,7/1/2017 3:37,1/2/2018 12:48
17242418000,3.74E+14,88090506391,9/9/2011 3:04,6/16/2020 20:28
8400999302,5.02E+16,91030004934,5/21/2009 4:25,7/1/2020 9:31
15159780001,3.57E+15,6023303519,4/9/2013 15:24,7/28/2017 18:47
34574638008,3.04E+13,20060009181,4/18/2017 20:22,11/15/2020 17:41
63884005105,3.58E+15,66014609015,6/24/2002 2:40,11/6/2018 19:52
12855367504,3.04E+13,62007107288,2/14/2010 5:17,8/13/2015 21:54
28375665109,3.58E+15,17086001083,8/4/2016 12:04,4/2/2020 1:24
67596429700,3.54E+15,74042105148,6/5/2006 16:02,9/21/2017 0:16
17389243806,3.55E+15,65077501449,9/12/2013 10:24,9/25/2020 20:20
23715739900,5.60E+15,66074209900,5/25/2002 22:17,5/7/2015 5:03
44611948107,2.02E+14,2012909094,1/6/2004 14:12,11/12/2019 12:38
8226284300,2.02E+14,73095503362,1/23/2009 20:05,6/3/2015 13:10
32392928203,6.38E+15,42093000671,7/3/2009 22:15,11/22/2018 19:26
24948021300,3.53E+15,67057000655,1/12/2020 18:54,8/6/2018 7:37
23837484908,6.71E+18,17020804569,12/31/2010 17:39,3/1/2020 15:23
25134231109,6.77E+17,77021409829,4/22/2016 7:17,3/21/2018 8:59
73963460700,3.56E+15,40089901719,8/13/2013 11:58,9/17/2017 22:31
61376432004,5.02E+15,79079707248,10/23/2008 22:09,7/20/2018 8:09
62846144308,3.49E+14,70031406770,4/29/2004 14:57,11/15/2017 22:43
56900813700,5.04E+15,88087805843,6/30/2010 20:02,9/26/2019 9:16
44964028301,5.45E+15,71009507699,10/26/2000 19:24,3/23/2019 1:01
33847415001,5.40E+15,98033503371,11/17/2000 18:43,1/15/2020 2:27
45685656903,3.57E+15,28083207190,10/1/2008 16:08,11/29/2019 21:21
89343189700,5.16E+15,59013007470,9/30/2009 8:10,2/24/2019 20:12
97498970300,5.60E+15,54031803670,2/9/2019 19:14,8/16/2016 16:07
93736260501,6.38E+15,14042602884,2/3/2018 22:15,4/1/2020 18:40
92196611807,5.05E+15,82044303598,1/24/2007 3:34,10/4/2017 15:03
62193884906,4.41E+15,36007505683,7/30/2014 18:19,7/6/2017 2:02
2193075800,5.25E+15,98072102122,5/24/2005 3:55,9/4/2016 8:13
91304727401,4.84E+15,29060503130,12/24/2006 7:31,7/24/2016 21:11
83150161506,3.53E+15,93031606010,5/19/2011 9:59,1/15/2021 15:32
56967224508,3.58E+15,77047507387,8/22/2014 9:31,1/3/2017 8:16
62785400906,3.55E+15,78056009547,2/13/2005 15:35,12/5/2019 8:39
56925265703,4.41E+15,98092307545,8/4/2003 23:54,9/19/2020 5:07
96036954302,3.54E+15,93029800979,3/11/2017 23:53,4/14/2020 5:32
39540927501,3.74E+14,19020206145,1/10/2002 12:26,1/13/2018 10:50
42543242806,4.04E+12,75019500122,7/27/2016 13:30,11/2/2016 6:11
51546083408,5.60E+18,72035809822,4/13/2000 22:03,12/20/2020 14:17
46832742103,3.54E+15,55083508548,10/14/2018 3:45,12/26/2019 5:18
85223681102,3.69E+13,83013101766,11/11/2016 10:36,1/10/2020 13:04
30565023801,3.53E+15,80088909435,8/25/2011 3:50,4/3/2019 17:27
87282196207,5.60E+15,67085403865,3/3/2016 3:21,4/30/2018 12:41
71148733709,3.59E+15,1032708954,11/6/2009 13:40,3/16/2019 16:38
29330187909,3.57E+15,13057701743,2/6/2008 17:34,10/20/2015 20:59
91238322606,5.61E+15,92013600217,10/2/2010 23:57,4/18/2017 12:52
47358650200,3.54E+15,34059002700,10/8/2008 1:55,9/26/2018 1:01
5809518800,6.33E+17,56054100128,1/5/2020 7:29,1/8/2016 16:50
62562490602,3.74E+14,86046304188,1/7/2003 7:52,3/21/2019 6:18
8517388108,6.71E+18,61090908277,12/29/2007 5:52,5/24/2016 13:02
13820254106,5.60E+18,10035604742,1/20/2005 0:15,7/21/2016 8:05
93941186509,3.58E+15,27088705874,12/6/2019 18:55,12/6/2015 19:43
54393785808,3.58E+15,34061803063,3/21/2012 12:12,10/15/2019 20:58
2884074301,6.76E+17,44055200854,12/24/2011 7:02,7/27/2017 20:04
12989003600,2.02E+14,13076905781,12/3/2011 18:26,9/24/2016 7:26
17973340707,3.57E+15,28073105202,11/23/2007 23:16,12/31/2019 14:46
8884225505,5.43E+15,4072302766,11/30/2003 22:44,5/12/2020 18:38
80310840303,3.54E+15,99047705257,9/23/2003 4:26,4/25/2017 2:58
32742074101,6.33E+17,90011608992,2/25/2010 18:00,9/25/2019 16:30
74046283000,5.60E+15,25066600098,1/22/2019 3:12,1/4/2017 11:46
56301447900,3.59E+15,75039508144,3/13/2018 0:00,1/31/2018 7:30
3704123809,3.53E+15,82032000253,4/26/2002 21:03,12/21/2020 11:42
45570373103,5.61E+15,51072601738,9/7/2003 4:14,1/28/2019 4:37
18439824200,3.55E+15,13097802032,7/19/2008 18:01,12/25/2015 2:04
30718188606,5.40E+15,74048906291,4/5/2017 18:38,12/30/2019 6:07
9873097507,3.55E+15,3041804742,11/25/2017 21:17,3/18/2015 7:52
7472731406,3.58E+15,71008107376,12/19/2008 15:13,10/26/2020 1:33
49826656506,5.10E+15,84051305832,9/27/2018 13:13,8/21/2018 22:27
86704214503,3.54E+15,69085107645,4/20/2010 18:30,2/26/2017 7:29
33816808308,3.57E+15,86087805402,2/7/2011 16:05,5/19/2015 16:24
48167056904,6.04E+15,43004008017,4/16/2007 18:45,1/17/2019 6:55
4250993707,6.33E+18,3506683,11/1/2004 4:59,2/8/2019 3:28
20864046003,3.56E+15,55085300191,9/13/2016 18:28,6/9/2016 19:31
57356890503,6.38E+15,72057808245,2/10/2000 4:56,5/31/2017 13:06
73139565500,3.54E+15,39018107825,8/18/2013 22:01,8/16/2019 15:47
43362308308,6.77E+17,54080406664,10/3/2015 3:35,6/3/2017 9:50
43861621708,5.64E+17,9039108903,3/28/2017 10:13,3/8/2020 18:09
55310723303,5.10E+15,22084104944,1/20/2001 3:04,12/15/2019 6:52
67794968908,5.61E+15,36016607434,9/3/2013 9:12,9/28/2017 0:52
96283730103,2.01E+14,1085506814,4/15/2015 2:50,6/5/2018 11:12
41301358300,3.58E+15,96024901339,1/11/2017 12:46,9/19/2020 3:31
47627068706,3.55E+15,20025003486,12/14/2010 21:48,6/14/2015 17:22
4789353203,4.91E+18,69017509786,10/26/2004 20:51,5/17/2018 9:19
10338946103,4.04E+12,48058605361,9/16/2001 15:41,10/21/2017 8:33
27321752402,3.01E+13,70008005325,7/4/2019 12:41,8/4/2019 6:08
9366423403,3.57E+15,23074005989,8/15/2000 9:16,2/11/2020 0:42
25661690505,3.59E+15,62024901438,2/22/2012 0:43,8/23/2019 20:02
61564751804,3.56E+15,55709504,12/29/2018 18:32,6/6/2020 0:50
65600150303,3.56E+15,40073904608,6/10/2018 18:13,12/13/2016 23:44
48211715602,2.02E+14,36042905763,1/31/2016 10:47,1/9/2020 1:29
66941855601,3.54E+15,16006606742,1/3/2018 6:11,10/17/2020 2:00
16076630007,5.35E+15,19054209171,3/19/2009 12:49,1/15/2019 23:27
72351170502,5.60E+15,82021505462,6/19/2001 22:19,11/23/2020 8:16
37682605206,3.57E+15,40090506789,7/3/2008 2:25,8/23/2018 10:29
19291835903,5.02E+16,99055806569,10/14/2010 2:52,6/26/2018 10:23
21025609808,4.51E+15,54001303148,2/23/2011 13:47,8/28/2017 10:29
93738615801,3.56E+15,83014101014,10/24/2013 18:29,7/13/2019 3:17
76475690400,3.53E+15,67050307948,5/21/2013 1:03,3/17/2016 1:02
76155654300,3.75E+14,19020107933,5/24/2004 10:15,3/25/2015 3:38
15719233703,3.56E+15,25087909201,7/8/2016 12:56,1/14/2016 10:59
35551244102,3.59E+15,8030204194,8/29/2016 3:16,8/13/2020 23:42
87186401804,5.60E+16,75037508414,6/7/2015 13:25,6/19/2016 0:18
70654292808,3.53E+15,18038700162,4/28/2003 10:49,10/11/2016 7:58
98080075809,3.58E+15,59093404582,3/18/2001 16:11,7/14/2017 4:20
53158267901,3.53E+15,29083409454,9/21/2016 18:19,9/1/2018 17:05
36650075402,3.59E+15,72011102872,10/2/2011 4:54,11/26/2017 10:46
96729895908,4.41E+15,58003603005,6/9/2000 16:10,9/29/2019 15:06
43815792803,4.93E+12,95078907200,3/13/2008 22:27,6/2/2015 1:20
55469780105,3.55E+15,77081403600,2/3/2018 0:18,8/21/2018 14:37
42110541800,5.60E+15,23054607264,7/2/2014 0:20,7/5/2017 17:30
24165226309,3.58E+15,15085804840,11/1/2018 4:16,4/27/2020 17:16
64241714807,4.04E+12,47082202984,2/10/2017 18:41,8/1/2019 0:32
30570885907,3.55E+15,82065306071,11/16/2002 20:55,9/1/2017 3:12
8864404302,3.70E+14,13066804978,12/17/2005 9:13,9/3/2020 23:57
48746293805,3.54E+15,43034304317,11/28/2002 3:51,4/24/2020 18:56
6157053705,3.58E+15,1007609022,11/3/2014 16:14,6/21/2020 20:48
8341708401,3.53E+15,56002101733,5/24/2006 6:39,12/17/2018 14:09
84777460502,6.76E+17,22024009395,6/18/2011 4:37,4/13/2019 18:10
51612158502,4.04E+12,62083504814,3/9/2002 20:23,1/18/2017 8:57
64992482704,3.55E+15,26024107416,1/19/2004 8:50,1/21/2020 11:47
27048175503,3.54E+15,1044401563,7/13/2000 11:33,9/6/2015 22:56
40286666501,3.53E+15,4068209359,4/30/2017 8:50,11/22/2018 4:09
88909902001,6.30E+15,17050605504,10/14/2013 16:01,5/7/2020 8:53
18224878700,3.73E+14,91054609012,4/4/2014 23:05,7/12/2015 20:35
69203333902,3.54E+15,50043207398,7/23/2009 21:29,12/22/2018 12:05
54607537302,5.60E+15,22038000729,5/8/2000 6:34,9/26/2017 22:06
50963752402,6.76E+17,14057302198,3/23/2011 3:47,11/3/2020 18:45
54333905403,5.60E+15,9043706889,2/3/2006 11:51,7/29/2020 17:00
7136112806,6.04E+16,83044800234,11/14/2001 7:03,2/10/2018 19:38
16656228507,5.61E+16,99504679,3/4/2007 10:01,6/18/2015 8:34
25085726803,3.54E+15,46035806829,9/30/2009 11:06,10/22/2016 19:05
99987840000,3.58E+15,52057407485,1/15/2012 8:27,11/24/2017 11:52
78891664501,2.02E+14,61084603289,3/12/2001 17:24,11/16/2018 6:07
11042409800,4.04E+12,1067907368,8/16/2001 3:51,8/7/2015 21:42
77218814603,3.01E+13,64036707272,9/20/2006 3:40,3/19/2017 3:31
2128805806,4.91E+15,38011904425,4/28/2013 14:16,3/22/2015 18:07
48707488600,6.76E+15,14055706474,5/1/2014 16:14,1/25/2015 16:11
17559233706,3.53E+15,23076600739,3/28/2010 9:35,9/15/2018 21:41
57930594802,3.54E+15,64070104026,1/16/2001 13:03,11/11/2019 7:01
84357073707,3.58E+15,2093402693,4/8/2001 22:15,6/17/2017 18:38
68675922208,6.71E+15,63062403379,9/20/2002 8:43,4/3/2019 5:46
56297672008,3.05E+13,30063508605,7/13/2018 14:24,3/18/2020 8:05
36996740601,6.37E+15,35018601018,11/17/2001 2:51,12/16/2018 18:54
24261659100,3.55E+15,24054908479,8/25/2015 5:22,7/18/2015 20:04
89632354400,3.57E+15,39000909424,11/21/2006 2:24,9/5/2018 3:05
11683370809,6.39E+15,94015304531,8/5/2003 7:03,9/17/2016 20:54
7677711009,2.02E+14,98080208912,11/6/2008 22:40,7/29/2017 9:01
61279748807,3.55E+15,48077807911,10/20/2000 12:05,8/31/2020 4:55
60585041004,3.58E+15,86002601688,8/19/2015 21:04,12/9/2015 17:20
61149864508,4.04E+15,69017703124,1/16/2016 21:41,9/1/2019 15:47
26701627907,3.55E+15,41076008508,1/22/2014 19:46,1/2/2021 13:07
6714978908,3.55E+15,82057802318,3/5/2018 14:30,7/23/2016 3:53
75762878002,3.03E+13,74012901771,9/16/2001 2:35,12/30/2016 15:37
65912935802,5.60E+18,76075304374,8/3/2012 10:22,11/17/2019 11:59
66417420901,3.01E+13,58018302575,8/6/2013 16:49,9/5/2020 12:21
43533995403,3.55E+15,74092706521,5/26/2006 5:55,10/19/2019 19:00
56268759408,6.33E+17,72042807222,9/8/2016 18:37,1/31/2018 11:31
80044022705,3.53E+15,97033002323,6/14/2017 0:16,12/6/2020 23:51
33931408902,6.39E+15,96092509733,7/21/2006 7:55,7/6/2018 1:48
30861892007,3.58E+15,87030405618,9/6/2004 19:44,6/24/2016 14:58
73508009106,3.55E+15,2064008200,7/12/2012 19:59,5/28/2015 15:42
29751850104,3.54E+15,70086502053,8/23/2008 12:57,4/3/2019 7:10
28735888601,3.59E+15,18007807033,2/18/2012 17:34,2/27/2020 7:24
44994223002,6.33E+15,77059103822,4/12/2012 4:32,9/19/2015 8:37
26230529201,3.53E+15,31080003610,11/25/2018 6:57,8/5/2015 11:30
13212659702,6.33E+15,67016803117,10/10/2019 20:40,11/14/2020 9:59
57964885101,3.55E+15,89000005260,10/6/2013 3:18,1/4/2020 12:35
20179332709,6.30E+16,99071102339,10/18/2004 16:14,4/29/2015 5:19
29157120500,6.38E+15,37083504812,8/17/2018 10:18,1/30/2020 12:21
41568637000,6.30E+17,73056801366,11/30/2001 22:33,2/11/2017 13:55
44180198407,5.60E+15,85087403131,6/17/2018 22:52,5/1/2015 22:34
3735089300,5.50E+15,30026100851,7/26/2003 21:28,7/3/2018 9:46
21077133705,3.57E+15,27017702377,3/4/2008 13:33,5/10/2015 10:36
55313422706,3.59E+15,54002705341,12/31/2010 0:35,7/5/2018 10:23
98187964602,2.02E+14,34080309482,9/10/2015 5:35,1/1/2017 5:03
56680438207,3.58E+15,95093401001,6/28/2005 19:31,9/5/2020 13:31
53541477806,4.91E+18,17020304643,4/22/2005 8:18,9/9/2016 12:37
305916708,3.58E+15,88043506951,4/1/2010 14:16,12/31/2015 0:07
98169746703,5.60E+18,26011209210,6/9/2019 19:12,10/13/2017 13:06
45522240609,6.76E+15,16073403527,3/4/2018 1:47,5/14/2018 19:10
73972954502,3.56E+15,85033702968,10/20/2017 12:01,1/2/2020 10:26
29957922609,3.56E+15,49084703410,7/25/2002 2:39,4/30/2017 2:31
29890276700,3.58E+15,26006902922,5/19/2005 10:03,5/23/2018 15:38
67521610200,3.04E+13,42054802903,11/14/2004 7:46,10/1/2018 0:38
73000531703,5.10E+15,42060400152,3/13/2009 11:50,12/9/2018 15:03
21260933001,6.76E+17,88059502214,7/9/2015 11:00,12/25/2020 3:35
11017196702,3.53E+15,6095806793,3/16/2008 4:20,10/28/2017 10:47
13738876408,3.79E+14,1092702426,10/14/2010 9:30,12/28/2019 17:52
92877599001,3.53E+15,33038303581,3/24/2017 15:24,2/18/2017 8:55
4956136006,2.01E+14,7072509928,10/10/2002 21:06,4/1/2016 0:46
13934367507,6.76E+17,49013308935,6/6/2015 10:43,6/22/2017 8:18
37329530500,5.42E+15,60012301540,5/9/2015 9:08,5/18/2015 20:30
39975582604,4.51E+15,61091706753,10/19/2008 9:39,8/18/2019 16:43
22848259105,6.33E+15,43094706491,2/11/2019 15:32,2/7/2019 13:55
13349417707,2.02E+14,10055605122,10/20/2010 20:58,5/17/2017 16:44
16549477902,5.05E+15,13073103982,11/24/2014 10:01,2/16/2019 19:10
41491967100,6.71E+18,76013207133,3/6/2016 8:58,1/10/2016 19:08
86312522908,5.11E+15,36024701417,4/4/2015 7:56,11/29/2019 11:04
73067846107,5.10E+15,99012607849,1/8/2004 2:17,4/26/2015 1:11
2013801209,3.58E+15,6079601921,7/5/2011 0:00,3/16/2017 3:50
40726071000,3.06E+13,86031404332,9/24/2019 15:06,5/22/2020 13:58
70669768403,5.10E+15,80060908277,2/26/2004 14:26,1/20/2020 17:35
36192233904,3.56E+15,49030605033,5/23/2012 17:02,7/7/2017 17:55
90438256101,3.55E+15,51021805884,11/23/2011 16:26,10/9/2020 15:52
26672243808,3.58E+15,14055905521,9/27/2012 8:10,6/18/2017 9:40
98442681608,4.41E+15,33038801386,3/1/2007 14:21,5/28/2016 8:28
66546911506,3.38E+14,80030306280,8/31/2006 15:34,3/2/2020 17:35
85526552706,5.01E+15,45030906833,1/29/2011 1:19,4/9/2019 11:13
48033951905,3.54E+15,1057104169,1/29/2012 19:28,7/13/2017 6:52
2196371909,6.76E+17,30091807857,2/14/2019 0:56,5/29/2018 7:32
27769473909,6.76E+15,28003300493,3/19/2001 6:56,12/14/2018 10:14
70047056205,5.12E+15,16080009567,3/8/2019 16:53,6/6/2015 23:54
25105308600,3.53E+15,88067302200,8/24/2017 21:28,2/21/2017 11:15
78836744309,5.02E+16,87079709885,2/9/2018 8:15,7/19/2017 21:44
38628924205,4.18E+15,87001609052,9/24/2013 17:33,11/9/2019 19:09
5974798807,5.61E+17,60025007597,12/19/2014 11:26,9/5/2015 20:56
53386692609,3.57E+15,37071503103,9/20/2005 22:35,8/20/2016 13:36
46111323802,3.53E+15,55015005376,7/15/2017 17:47,4/7/2016 21:32
21162759602,4.91E+17,2009604747,2/13/2005 9:51,7/15/2016 8:04
29133214700,4.41E+15,43051909095,4/30/2001 3:25,10/31/2019 14:30
29037391503,3.58E+15,52033907193,3/3/2013 2:36,11/19/2020 10:37
70338664405,6.71E+18,12049602271,6/1/2011 19:40,2/19/2015 9:34
74610468100,5.11E+15,74078904902,11/28/2001 17:58,4/29/2018 5:34
74009620501,3.38E+14,80017402297,5/14/2010 6:14,3/26/2019 17:47
50959896700,5.61E+15,98090304054,12/26/2006 11:42,10/24/2017 23:57
90574080802,5.60E+16,99020904734,4/5/2009 17:38,7/3/2017 0:29
17187912803,4.03E+15,43028201249,11/3/2004 2:13,7/5/2020 20:18
18302943903,3.57E+15,33039403471,2/2/2012 3:11,5/1/2015 3:29
85866838500,3.59E+15,4070006480,11/23/2005 6:45,7/1/2018 8:16
23583157601,6.33E+15,89094404690,12/9/2011 4:16,6/5/2019 22:20
45177392100,6.37E+15,5020200511,5/20/2006 2:53,5/7/2016 13:33
55355003909,3.55E+15,88020204243,2/5/2017 14:02,9/15/2015 4:21
96449608900,5.11E+15,76099300345,7/17/2009 1:42,4/13/2017 16:01
9535159606,3.53E+15,30088207297,3/6/2005 9:23,11/11/2016 2:44
2772986905,6.76E+18,32092504710,9/30/2014 5:08,9/10/2015 14:56
58929973607,5.89E+18,11013800455,1/29/2006 5:24,9/1/2016 18:42
15367112009,5.58E+15,49070601100,3/25/2017 1:23,1/22/2016 18:03
64040639800,3.53E+15,57085400719,1/15/2014 16:34,6/8/2020 20:33
55306814902,3.54E+15,7044902646,12/28/2000 17:57,2/2/2017 14:32
4842424606,3.56E+15,18098205008,4/15/2017 7:21,6/27/2019 12:59
4013377105,6.30E+15,52072509072,7/29/2000 10:22,1/5/2021 22:37
20041287102,3.57E+15,1034003469,6/20/2001 13:39,5/14/2019 2:14
29093228704,3.59E+15,67045707387,1/13/2014 2:43,1/5/2019 4:55
85808369702,3.56E+15,42069406120,11/6/2016 22:12,5/8/2020 5:03
4820838106,2.02E+14,53075208901,11/10/2008 19:47,9/30/2015 11:30
74601219705,3.55E+15,29094704615,11/29/2011 4:51,4/26/2018 5:58
36432529806,5.00E+15,69082707055,2/7/2005 15:54,8/8/2017 2:52
59946795000,5.01E+15,55068104051,8/16/2014 8:10,9/30/2019 4:00
15423195001,4.94E+15,43092903068,5/8/2012 13:58,1/24/2016 0:28
10693515407,5.12E+15,16086502318,6/9/2002 8:22,6/1/2016 22:54
43962028605,3.53E+15,43043608914,5/28/2007 23:30,1/8/2017 4:57
4288891301,5.14E+15,35012205751,5/20/2003 11:47,5/18/2017 23:45
13170476201,3.56E+15,32052901249,1/27/2012 13:47,2/2/2020 21:19
78087989705,3.54E+15,43039603480,12/23/2014 23:09,2/15/2019 19:56
6727522800,3.59E+15,23077208817,11/27/2013 18:47,3/17/2020 15:16
14072390400,3.53E+15,96081806877,3/9/2019 10:02,2/10/2019 0:12
79085843507,3.59E+15,11079301434,1/6/2012 17:24,11/22/2019 0:16
8475546109,5.05E+15,94039808911,6/23/2011 21:37,7/6/2019 6:51
72798661007,3.59E+15,64000701429,5/9/2010 3:26,2/25/2019 18:21
86328451001,3.04E+13,80022504878,3/16/2003 3:11,1/27/2020 13:41
66789665101,3.53E+15,72007808469,8/18/2006 9:41,6/15/2016 20:11
29817094307,3.73E+14,62006907950,12/9/2005 5:24,3/6/2017 16:36
28632265401,3.74E+14,71004204991,12/21/2010 23:13,11/6/2018 12:31
66032420709,3.56E+15,91060600334,9/30/2002 16:27,12/12/2018 13:04
23725725407,4.91E+15,39079007710,6/23/2016 0:12,1/10/2016 21:54
45436370700,5.60E+15,4075504241,5/31/2007 19:53,1/22/2015 2:07
41973715708,3.58E+15,14076802370,2/8/2002 17:57,3/21/2018 16:59
1313891605,3.55E+15,42051606417,5/12/2014 7:54,2/1/2018 0:00
4729218207,3.54E+15,55056201592,8/28/2017 17:29,7/7/2019 2:07
62334669602,5.60E+15,28057702501,1/10/2004 15:09,12/2/2015 23:01
54191086400,4.02E+12,1014302775,10/6/2018 22:00,6/6/2020 13:37
17941924608,3.56E+15,64092806814,4/12/2012 15:39,4/19/2016 5:23
66177304808,3.54E+15,41004508854,7/30/2004 18:28,9/10/2016 4:55
16407006608,3.53E+15,13095509010,1/15/2017 6:46,6/7/2018 13:57
75913946104,5.29E+15,1001501921,2/10/2011 19:09,1/29/2017 4:15
89745626903,3.54E+15,72090601735,9/27/2017 13:09,6/15/2019 5:10
74876078600,2.01E+14,15086600756,12/10/2008 16:48,1/23/2020 17:04
79072079705,3.54E+15,95097501942,10/28/2006 1:03,7/9/2019 11:14
89441637203,3.56E+15,50004208933,12/16/2013 22:25,2/6/2018 10:12
76674076900,2.02E+14,59080201810,10/7/2001 20:57,11/15/2015 13:43
33698792505,3.56E+15,35041002199,3/2/2011 0:24,8/4/2019 1:24
48371805900,3.58E+15,1047100170,12/27/2002 13:17,5/14/2017 15:40
50174909409,3.55E+15,81001904290,5/31/2014 17:27,6/1/2019 3:50
33112291108,5.60E+15,1084200508,2/15/2005 13:38,3/24/2018 0:45
32541462603,6.33E+17,9060004746,9/25/2000 9:24,8/20/2018 5:25
81682151107,3.54E+15,20087206577,2/25/2012 22:22,1/20/2017 2:50
86271417907,3.58E+15,45057801019,11/25/2013 20:44,7/18/2016 21:33
99897681906,3.58E+15,52068905667,6/10/2005 11:03,12/4/2015 15:29
82748266004,3.00E+13,31066406605,11/20/2002 23:02,8/28/2015 2:00
32556070403,5.00E+15,47073804389,11/5/2002 20:45,2/18/2019 20:16
73594211100,5.60E+15,90019908739,5/29/2000 2:26,4/4/2018 21:55
45267449005,3.59E+15,37077804630,1/16/2014 5:44,8/14/2020 13:49
32705730507,3.74E+14,46083603783,12/12/2011 8:48,8/28/2019 2:52
92516861605,6.76E+15,51051208671,7/2/2006 21:15,6/18/2019 2:27
85140916003,6.40E+15,14058209362,1/18/2011 15:18,6/3/2018 6:04
75933324602,3.01E+13,33055700688,3/10/2003 1:59,2/1/2015 16:01
80102831500,5.10E+15,30076909002,12/26/2004 12:27,6/29/2015 3:04
15244771303,3.54E+15,16018005275,3/1/2001 10:41,5/16/2017 1:23
87815646403,3.05E+13,86003808317,1/25/2015 4:36,4/6/2016 9:59
8572090000,3.55E+15,28072006305,8/3/2001 9:11,7/23/2019 7:51
62686679201,6.33E+15,26055801370,1/11/2016 17:10,2/7/2019 21:00
22563503102,5.02E+16,98039900936,4/27/2014 4:20,3/26/2017 5:07
18688212707,5.60E+15,4007000077,11/18/2017 20:27,7/21/2015 11:22
54634482506,5.11E+15,89008207342,2/14/2016 7:20,3/15/2015 5:23
12645535905,6.76E+15,1071808511,9/28/2017 6:32,7/4/2017 10:32
12857612305,3.57E+15,17082303843,3/10/2015 13:51,1/21/2021 5:19
89418408604,3.54E+15,8066000524,4/29/2013 11:56,4/25/2016 0:42
3312044306,5.89E+18,30035302374,8/31/2003 19:36,10/20/2020 13:05
84112289106,3.57E+15,66022502564,12/4/2016 5:53,12/7/2018 15:21
22912309604,5.42E+15,48056009301,6/29/2005 16:07,5/31/2015 20:12
27771781305,5.60E+17,82025408001,11/27/2009 9:07,4/30/2020 21:23
423680703,3.05E+13,71026404482,1/5/2005 2:38,5/7/2016 14:15
27485308209,2.02E+14,7018809242,9/9/2015 5:50,9/10/2020 19:21
27489096007,3.56E+15,87066001664,3/11/2017 19:07,1/14/2019 21:45
14692800109,3.55E+15,25015509158,4/2/2019 16:12,10/21/2018 4:16
16277559304,6.71E+15,98066707784,5/13/2007 10:15,2/2/2018 1:51
56869018506,3.56E+15,15012401965,1/29/2014 12:16,6/24/2020 22:15
79039917502,3.53E+15,71055502210,8/31/2003 19:22,11/3/2016 21:40
33764250305,5.10E+15,83025509024,5/1/2015 13:07,4/9/2020 23:33
51265866601,3.55E+15,49042207870,11/21/2002 16:53,8/22/2018 15:05
76759997602,3.38E+14,21044201784,7/25/2001 1:41,7/8/2017 9:41
15937825501,5.47E+15,41029006854,4/10/2011 2:27,11/10/2020 9:06
82516054105,5.60E+15,8074907668,7/25/2013 4:34,1/15/2019 8:30
97732838502,5.60E+18,43097803753,12/14/2015 3:42,7/20/2017 19:29
84087700200,6.40E+15,42002904069,9/8/2009 7:15,9/20/2019 19:52
89534955200,6.04E+16,27084006693,12/16/2004 0:58,1/15/2020 5:56
15559526802,4.91E+15,19087101393,12/23/2011 12:38,5/23/2017 6:22
70280098007,3.59E+15,37062400736,7/16/2001 21:01,4/2/2019 6:13
38271051503,5.64E+15,22057304718,3/20/2007 16:04,5/20/2018 14:24
42249671907,3.72E+14,7066508429,7/8/2001 23:53,7/1/2016 17:35
84351044600,3.53E+15,54095503932,11/7/2010 20:37,1/31/2015 22:37
94494142308,6.39E+15,37042801815,2/28/2014 16:08,6/8/2017 10:55
37065818902,5.04E+16,23024406226,4/15/2003 15:51,4/16/2015 7:42
87563184005,3.74E+14,78051009209,8/18/2010 6:43,1/27/2016 12:30
32169253704,3.57E+15,78097809545,7/15/2007 4:20,1/14/2017 13:23
15129176909,3.59E+15,64061408781,1/13/2011 9:12,8/19/2015 12:33
75637363306,6.71E+16,96043902475,9/19/2016 18:56,12/18/2020 7:23
83944782603,5.61E+15,62038509472,11/8/2003 22:35,7/22/2017 7:24
19167173409,6.33E+18,67068208276,6/19/2002 4:46,11/20/2017 19:12
76438574105,3.56E+15,84027902664,10/24/2019 19:08,12/28/2015 13:15
94726442001,3.55E+15,44043002908,10/5/2002 21:02,5/11/2018 23:46
43133057609,2.02E+14,95013807581,4/23/2009 23:25,1/23/2016 7:58
28972602907,3.04E+13,8066704834,9/5/2000 19:53,10/21/2018 7:39
12871692100,5.60E+15,20043607916,3/29/2018 0:25,12/26/2020 16:43
49527591702,3.53E+15,51033102847,6/17/2006 2:58,11/7/2015 5:11
9540387602,3.55E+15,21095802581,4/7/2017 3:50,10/1/2016 3:58
87075586109,6.30E+16,48063408486,12/11/2007 1:10,10/12/2017 22:44
64370373500,4.91E+18,8074107123,6/15/2016 20:50,6/24/2015 12:06
46317182304,3.56E+15,47050108620,4/3/2013 13:51,8/4/2016 23:36
30251337400,6.76E+17,98003803131,3/12/2006 12:56,4/8/2016 4:58
82372306908,3.55E+15,45016101155,1/12/2015 0:31,3/12/2020 22:32
8621477207,5.60E+16,5028206625,11/17/2017 10:10,10/9/2018 16:20
56537987907,6.05E+16,19082804175,5/26/2014 23:47,10/30/2020 20:18
14857350009,3.55E+15,72061908306,2/23/2001 14:37,12/24/2015 23:12
63339607702,4.41E+15,62097905269,8/1/2012 5:32,12/31/2016 12:01
34671137100,6.76E+17,91029901639,1/18/2001 10:32,9/27/2015 1:08
904409806,3.54E+15,86044100266,1/3/2018 16:41,3/29/2018 2:55
87314435901,6.33E+15,77068504153,2/18/2007 16:14,9/9/2018 7:43
25931289107,5.36E+15,72012400881,7/8/2007 4:38,3/28/2015 2:34
11176041001,3.57E+15,53086505287,7/30/2007 18:51,11/21/2017 13:21
15606554503,3.57E+15,41027404845,6/30/2007 22:15,2/4/2017 0:25
24372930207,3.57E+15,42052904281,8/27/2015 23:14,4/9/2018 16:22
24684081001,2.01E+14,96035202473,8/28/2015 4:57,6/22/2019 6:34
89655454701,3.55E+15,44014907041,12/8/2005 1:32,6/20/2018 19:41
20664597004,5.89E+15,83091807701,6/29/2001 6:32,2/17/2015 17:45
80072041909,3.54E+15,24055007790,9/24/2007 5:26,11/4/2015 23:32
9320881701,3.54E+15,34025506222,7/18/2019 16:14,12/8/2019 22:57
81090216200,3.58E+15,94044202532,7/5/2015 0:18,2/28/2017 19:08
68754752403,3.54E+15,17050700610,2/3/2008 2:43,6/6/2018 3:04
43287438604,3.55E+15,72046505621,7/27/2008 9:45,10/15/2015 6:06
57836449806,5.60E+15,41072806228,1/31/2005 5:04,7/21/2016 6:22
86781623706,3.58E+15,95032300392,9/12/2003 9:21,5/11/2017 0:23
99870312304,2.01E+14,84025902084,12/13/2003 3:20,8/23/2019 22:13
50563841501,3.58E+15,78097006184,12/12/2003 18:45,4/21/2016 23:21
6869795400,5.64E+18,35063404644,4/19/2010 23:35,11/26/2020 22:36
93287099308,2.01E+14,37018101495,12/28/2015 0:31,7/13/2015 6:07
55568207400,3.56E+15,12028906429,6/4/2012 13:32,7/14/2016 12:36
48862688308,6.30E+18,15014906855,3/17/2004 10:17,5/21/2015 15:26
43021578709,3.56E+15,74099105145,8/7/2016 16:15,7/29/2016 9:45
11534145907,3.57E+15,13063700920,1/24/2005 14:03,12/23/2018 9:22
69982491001,3.53E+15,49019502794,9/27/2013 3:26,10/23/2016 13:16
93193342000,3.54E+15,35055906419,1/21/2013 19:12,4/13/2016 23:57
36375566500,3.56E+15,60093904768,5/28/2001 20:08,5/9/2015 2:51
90404696502,5.04E+16,68084805383,8/20/2012 6:07,7/1/2020 18:40
27292986104,3.72E+14,68087604919,11/30/2009 8:50,2/16/2020 15:43
15745921507,3.55E+15,12041203524,7/30/2000 17:44,3/20/2015 20:55
20039275300,3.56E+15,44041006476,9/18/2018 9:53,6/9/2019 8:44
42122951909,6.30E+17,56040408926,4/23/2011 7:57,3/30/2017 19:13
65930914408,5.45E+15,70061508897,4/2/2011 21:59,10/1/2020 9:35
9000749202,3.05E+13,97054601754,6/29/2008 21:11,3/20/2019 1:23
48702046507,3.55E+15,97097402532,9/7/2000 11:58,4/9/2015 10:41
27784015004,5.10E+15,56010808590,3/2/2017 4:53,6/8/2017 11:48
84593633401,3.56E+15,56068104301,1/17/2013 12:09,2/9/2019 20:05
80998341000,3.74E+14,69000506227,7/5/2002 18:44,7/9/2018 19:21
8460935100,3.58E+15,41061500578,5/13/2006 3:14,3/1/2016 8:44
76542876802,5.60E+16,81008009207,2/27/2014 17:40,8/19/2020 15:12
95329781708,3.57E+15,20704485,8/29/2016 13:12,7/6/2020 2:45
64567290706,3.53E+15,74032400896,4/25/2004 6:41,8/14/2019 15:39
23271710901,5.10E+15,70036307353,1/8/2018 17:34,12/31/2020 7:58
28493469108,3.55E+15,69086303269,11/28/2019 6:26,2/14/2019 1:20
45769975702,5.60E+15,19082700789,4/23/2003 23:00,3/23/2017 21:57
72592549004,5.55E+15,20079506726,3/27/2014 1:56,5/23/2016 10:31
94816809607,4.91E+17,75081406483,4/6/2014 17:32,4/12/2017 11:58
92480621005,5.60E+15,67092702070,11/16/2005 17:39,4/29/2015 13:05
70302292400,3.74E+14,50090707919,7/14/2013 2:42,9/26/2015 3:13
10412458508,6.33E+17,19015700293,6/20/2018 7:42,1/25/2019 15:54
17241556807,5.61E+15,88053407336,12/24/2006 19:40,4/10/2018 19:17
83961460800,5.60E+18,88043008412,3/4/2001 11:43,5/4/2019 7:06
61685583507,2.02E+14,64097100486,11/24/2009 20:19,11/8/2017 16:33
24478495803,3.74E+14,5069106988,11/19/2017 13:06,10/9/2016 22:43
46914694806,5.60E+18,45022301143,7/22/2018 5:58,12/4/2019 12:01
877627409,4.31E+15,41002905380,2/12/2017 5:20,8/21/2016 19:26
71805406107,3.57E+15,31005103254,5/24/2009 21:50,9/15/2015 4:37
1108520502,6.33E+17,45077401572,1/19/2019 12:06,9/14/2019 6:26
53906854301,6.30E+17,58085009433,5/4/2000 3:34,10/27/2019 14:25
37227247302,5.42E+15,47041000169,6/26/2013 14:42,5/11/2019 0:37
36922496204,6.04E+15,18062107653,5/28/2017 8:39,2/25/2017 12:17
39213234600,3.59E+15,91014204465,3/25/2011 8:37,12/10/2016 3:52
32189682204,3.54E+15,75083901955,3/31/2003 7:15,8/24/2019 13:31
86589351509,4.51E+15,16052205617,3/10/2002 5:24,10/19/2015 2:59
29734059102,5.58E+15,73014300662,5/3/2010 14:28,7/2/2015 23:53
52359044000,3.53E+15,57067402535,5/14/2006 6:25,7/16/2020 17:22
43465386900,3.55E+15,46012209886,2/9/2013 3:36,12/31/2015 23:05
75924594903,5.60E+15,13069805602,11/14/2009 11:18,6/21/2015 17:24
62600194008,3.53E+15,70047704249,10/2/2014 3:38,12/21/2020 18:05
81771637502,6.33E+15,11050202052,8/15/2002 12:51,12/7/2017 1:03
90123137400,3.55E+15,95043501055,3/22/2008 17:19,4/20/2017 22:16
67884568100,3.54E+15,95071404598,3/10/2003 1:42,12/12/2020 2:32
70397140501,6.76E+15,54070101541,6/16/2017 16:11,1/2/2017 12:34
44178927608,4.90E+15,56012401682,9/4/2004 12:57,6/18/2019 0:28
64003980007,5.60E+15,73030508675,3/2/2009 12:37,1/25/2017 0:07
12678474500,3.56E+15,71053100497,12/2/2006 11:45,5/17/2018 17:57
68756303308,6.76E+17,35053109593,1/4/2006 6:47,1/9/2018 8:32
69730737904,3.58E+15,97009803801,11/1/2004 11:31,11/22/2020 14:56
75259852904,5.60E+15,1017003261,1/4/2010 5:29,1/9/2018 5:21
46279988604,3.58E+15,40045102664,6/2/2008 10:51,4/2/2015 17:51
69744702007,3.59E+15,91046603861,8/22/2009 4:40,10/25/2015 13:39
6997864208,3.58E+15,32021102254,2/7/2001 23:13,9/23/2019 22:43
74870758304,3.56E+15,24049709602,1/2/2017 16:20,7/24/2017 10:26
869246702,3.57E+15,44097709405,1/28/2014 9:31,12/11/2019 11:35
3066462206,5.00E+15,28079002296,5/29/2001 7:21,8/13/2017 20:24
80851616201,2.02E+14,20005001479,8/26/2013 15:34,12/6/2019 20:36
4822129000,3.56E+15,93048204701,11/8/2009 16:59,8/26/2017 2:19
4291668402,4.08E+12,43010206668,11/3/2002 6:08,3/31/2020 10:24
71951747600,2.02E+14,3064608316,5/2/2001 8:12,8/28/2020 20:56
89157616609,5.01E+15,90021106269,5/14/2018 5:53,1/27/2018 13:00
49028136601,3.56E+15,95008300094,10/20/2010 12:05,2/17/2016 15:10
14679991005,3.38E+14,69067300111,7/30/2010 1:22,7/24/2017 21:56
79641758105,3.57E+15,12020105874,12/4/2017 2:38,3/25/2019 21:05
87488281006,5.60E+15,94054900059,8/4/2016 13:49,1/23/2015 14:53
75682109502,3.57E+15,70042407042,6/25/2002 8:27,7/9/2018 6:26
31345586601,3.55E+15,98084801131,12/29/2013 12:09,4/28/2016 8:44
93655202704,5.12E+15,19005309346,9/8/2010 18:19,4/21/2017 11:53
22336833508,3.58E+15,43070502703,10/3/2017 11:09,11/15/2016 21:41
66210503604,4.18E+15,91090901423,7/5/2011 2:43,1/13/2018 12:12
2605285306,5.64E+15,27068202553,6/9/2001 21:14,9/12/2020 13:05
90186784507,3.56E+15,37094306874,12/7/2004 16:11,7/30/2019 18:18
84697097309,3.53E+15,24062202324,5/1/2005 6:04,7/9/2016 12:33
44865979704,3.55E+15,75017400615,1/26/2016 16:11,10/19/2019 3:22
90166285608,2.02E+14,50052804441,10/7/2012 21:23,8/12/2019 5:12
55436848305,3.58E+15,42004205663,6/30/2005 17:25,2/17/2015 17:08
26313223200,3.54E+15,39021703877,2/28/2006 19:44,8/22/2019 0:11
82204608900,4.04E+15,35014302307,11/24/2019 11:21,1/8/2017 7:17
77745993603,3.53E+15,11086303223,4/21/2006 10:13,6/26/2018 1:29
48504878203,3.67E+13,43008309090,5/3/2015 0:23,5/21/2019 16:47
90812543901,3.74E+14,54007700834,5/24/2000 10:44,9/7/2017 15:37
34919094507,5.10E+15,67079904862,4/17/2001 16:18,5/2/2016 9:09
42332805900,3.58E+15,98008608829,5/15/2015 17:40,12/21/2017 18:36
84369700309,3.57E+15,83034905243,2/28/2008 5:00,6/14/2019 9:50
56932030609,3.53E+15,1046109205,1/31/2008 17:49,5/16/2018 1:59
5547327304,2.02E+14,11084905314,4/13/2018 19:26,3/27/2016 17:44
65673914005,3.56E+15,63085507173,4/1/2006 1:03,3/8/2016 2:23
71043232001,3.55E+15,6022009048,8/21/2016 14:51,6/25/2016 17:58
6114496608,3.59E+15,29073500452,12/14/2015 5:27,11/28/2015 12:01
90747324307,3.53E+15,40022406802,7/31/2008 17:16,11/27/2015 20:36
36284992509,3.58E+15,72089005773,11/16/2019 4:08,4/27/2017 13:53
94541634402,3.53E+15,94307511,9/22/2015 6:27,8/20/2015 13:04
89973132508,3.59E+15,28021508995,8/2/2008 14:28,5/29/2019 4:57
46589238007,3.57E+15,12045809425,5/25/2011 9:08,11/22/2017 16:13
29989256402,5.10E+15,35010903199,3/20/2004 13:19,6/13/2018 20:53
25734612907,6.76E+15,42022006787,10/29/2011 23:18,6/6/2016 10:37
69551496600,6.30E+17,99091206325,6/14/2001 14:28,8/17/2018 18:30
22181107902,4.03E+15,97035901241,9/25/2011 14:37,6/19/2019 17:24
4013352106,4.11E+12,95025600186,1/21/2000 9:25,7/14/2018 6:51
14256073801,3.56E+15,77050201901,7/3/2002 22:10,7/7/2017 21:10
89913657600,2.02E+14,47028705694,9/22/2005 22:09,6/26/2019 13:23
64734625504,2.02E+14,67082807858,7/4/2005 9:51,3/12/2016 19:26
40725298500,3.55E+15,39043700790,5/16/2017 13:46,10/11/2017 5:57
97612322701,3.57E+15,41079400076,1/9/2004 21:11,3/4/2017 23:06
51773271400,3.54E+15,9029506278,9/21/2003 21:38,6/7/2018 17:00
88226174100,5.64E+17,47012001811,7/16/2011 20:23,6/6/2015 19:33
86715858204,3.56E+15,49036509644,2/7/2014 23:34,12/10/2017 12:13
19225277903,5.89E+18,4074805662,12/19/2000 9:56,2/28/2016 18:15
47954903804,6.76E+16,52002404407,11/13/2009 21:10,4/29/2018 7:11
75608490509,6.77E+18,73032905637,7/8/2015 18:25,10/23/2020 23:21
22357634702,4.04E+12,46085501921,1/24/2016 18:52,4/18/2019 8:45
11191390606,4.04E+12,39012208869,1/5/2017 15:19,11/21/2020 1:09
52344046303,4.41E+15,21067007176,1/13/2016 23:37,4/22/2017 9:36
92675953108,2.02E+14,80005804482,1/17/2010 14:42,1/10/2017 12:31
12230380401,6.77E+16,46036405333,2/12/2004 7:47,1/19/2017 12:45
64937620900,4.84E+15,30073401945,10/5/2005 10:40,4/3/2018 17:34
60916172300,3.56E+15,26091709778,11/21/2008 14:11,4/10/2020 18:18
39154148008,6.76E+18,12061603252,8/17/2003 13:20,3/21/2015 8:44
34273842902,3.55E+15,78064108119,1/24/2001 15:53,12/20/2016 13:55
44782402909,3.54E+15,69050102434,7/4/2019 1:33,6/3/2015 17:05
85199336601,6.71E+16,50004708442,1/16/2003 21:53,7/9/2017 16:33
6860941900,3.56E+15,31059502046,7/4/2006 11:02,4/19/2017 16:06
86996159605,5.60E+17,59000401186,11/3/2015 8:42,9/3/2020 9:23
95080208900,3.54E+15,73050309171,4/30/2002 2:02,9/20/2020 8:11
48240853300,5.60E+15,20050807449,5/29/2008 16:15,5/22/2018 15:17
73751286805,3.55E+15,11046007128,5/14/2018 22:36,8/23/2020 8:50
32355374104,3.59E+15,7061806057,6/1/2000 18:19,9/22/2017 6:01
22530599305,3.00E+13,80057500458,1/10/2012 4:42,3/18/2020 14:52
51355940403,3.53E+15,72035806006,5/7/2017 13:03,1/4/2018 7:10
64249018205,6.33E+15,60064403768,5/7/2013 12:41,5/6/2018 12:15
10169445904,4.91E+15,69059908692,8/11/2009 2:28,5/14/2020 10:53
40268348803,5.26E+15,12041204568,12/5/2012 11:43,1/11/2021 18:53
89330554100,4.94E+17,22089602466,11/19/2006 22:42,11/30/2017 15:45
74588812465,4.55E+16,14067207460,5/14/2018 22:36,4/21/2017 13:09
