BUSINESS_ID,ACCOUNT_NUMBER,DOCUMENT_ID,ROW_CREATED_TIMESTAMP,ROW_UPDATED_TIMESTAMP
46046436905,3.56E+15,38091501396,11/1/2019 13:30,10/5/2020 21:24
13036006608,3.54E+15,57014603374,1/14/2011 14:37,9/9/2018 3:17
5597471502,3.57E+15,46023608549,10/5/2013 4:05,9/5/2015 21:20
40151086908,3.54E+15,2013504905,1/18/2004 3:03,11/19/2016 1:36
24794693502,5.60E+15,88077103999,11/29/2017 2:28,11/22/2017 20:06
7897532109,3.02E+13,12051108563,1/12/2011 21:49,1/28/2016 20:52
44104336001,5.60E+15,27075101487,6/10/2005 9:49,10/17/2018 12:31
36851510209,3.54E+15,46019004067,1/4/2003 22:17,7/9/2017 23:44
21135322407,3.41E+14,46088200639,4/26/2005 15:09,9/20/2020 12:46
85295041708,3.74E+14,87069903625,10/2/2000 0:14,9/6/2020 22:25
8918206908,5.14E+15,27078008624,6/5/2012 18:42,6/1/2015 7:22
22205760109,6.37E+15,44022907213,12/20/2001 13:51,7/6/2020 11:42
54195282704,5.10E+15,80031004547,9/20/2009 19:02,10/20/2017 4:27
62861058901,4.18E+15,6021505606,12/9/2002 11:53,4/16/2020 14:34
37180473507,3.58E+15,13003202872,3/2/2005 18:39,7/18/2020 6:47
48372323808,2.02E+14,24043002325,12/29/2016 20:51,4/13/2016 5:14
5481999006,4.91E+15,91061606158,8/29/2012 20:29,7/17/2016 5:10
15354773108,3.54E+15,60001207496,1/14/2010 18:44,6/8/2017 22:47
87889478900,3.55E+15,45065405883,2/17/2005 0:13,1/29/2019 10:25
33066589709,3.54E+15,46084709262,5/24/2013 23:26,4/2/2017 14:59
91052216303,3.57E+15,48031306901,7/9/2019 13:37,12/29/2018 8:10
94960262300,3.58E+15,25095401836,10/27/2015 19:02,12/5/2018 8:59
9034250500,5.50E+15,2066207065,9/28/2016 22:18,11/1/2020 19:21
76090602509,3.53E+15,18080203769,4/8/2006 13:12,8/20/2019 21:54
69590896700,3.55E+15,71005003171,6/16/2002 17:10,7/7/2017 6:50
8822027203,5.00E+15,6029109356,10/23/2016 12:28,3/30/2017 20:57
85881239106,3.54E+15,22025001779,3/14/2000 5:23,11/24/2018 0:09
11526618303,3.58E+15,23060208915,7/28/2015 13:28,11/14/2015 20:41
30143261305,5.61E+17,47033309662,1/23/2012 23:34,12/1/2015 7:31
63105974000,5.10E+15,75054105069,1/9/2018 13:58,10/11/2016 16:46
9446441407,4.18E+15,2083300196,3/23/2004 19:58,6/5/2015 7:21
33342779009,2.02E+14,34090000692,10/2/2013 2:28,5/5/2017 18:57
59286691403,4.90E+18,79025409745,3/16/2002 9:45,4/12/2017 6:01
46347625905,3.58E+15,89077304294,6/16/2003 4:48,10/13/2019 8:21
2801902200,3.72E+14,37055100008,1/3/2005 23:44,12/24/2018 5:31
67392821209,2.02E+14,87054302609,3/9/2008 12:14,5/25/2015 10:47
30030038100,5.60E+15,56018400055,10/11/2013 9:28,10/21/2016 0:51
26580343206,5.10E+15,55099300978,12/3/2018 7:18,7/24/2020 2:14
41964263502,3.58E+15,38085107953,10/26/2011 10:29,12/4/2017 2:12
5467068904,3.55E+15,47033904473,10/20/2001 20:43,11/3/2016 10:21
1187055603,3.57E+15,28072000351,6/6/2017 14:26,12/4/2016 10:50
63144407609,3.55E+15,61099206762,4/18/2015 17:05,10/13/2019 0:41
9873345104,3.56E+15,89042700168,11/17/2001 15:12,9/1/2018 7:26
87667443805,3.59E+15,76052908960,9/13/2007 14:28,10/24/2017 16:51
81352794903,6.76E+16,41068708001,5/5/2015 2:12,11/8/2020 22:32
76722533306,4.92E+15,35083202310,1/27/2010 16:09,7/23/2016 18:30
53942410203,5.01E+15,14039601358,3/1/2019 0:20,11/11/2015 11:26
92628267405,3.53E+15,67062602019,9/15/2002 21:24,1/19/2020 18:31
73516051703,5.64E+18,29065703105,7/20/2015 20:38,2/5/2019 10:28
57631427201,5.00E+15,47025609009,8/3/2002 3:00,12/22/2017 15:19
48001327907,3.53E+15,39012907308,12/19/2013 16:06,10/18/2018 16:03
37578901901,3.56E+15,2068908170,11/9/2003 12:49,11/14/2018 3:26
44124129602,4.84E+15,85066004750,7/15/2018 19:32,10/16/2019 16:02
16545939301,3.53E+15,9003103811,9/21/2017 11:13,11/29/2018 10:29
10319698100,5.61E+15,22019703807,10/27/2012 16:20,6/21/2017 3:57
33856696206,6.76E+16,67025308320,1/8/2005 9:16,7/1/2015 6:22
94019295702,3.02E+13,86016305081,5/15/2016 15:57,7/28/2015 16:28
14637968406,3.54E+15,24046709324,1/11/2004 3:02,4/18/2020 13:54
43299346407,3.56E+15,68069301418,7/15/2009 18:01,4/17/2019 4:36
47623438200,5.60E+15,43043900721,1/18/2002 11:37,10/12/2016 12:54
62589013502,6.38E+15,20072506146,4/4/2005 14:48,3/27/2015 14:18
77163950902,5.10E+15,22045508639,7/7/2018 17:07,9/9/2016 20:42
81858812305,4.84E+15,36002105321,10/28/2012 12:33,1/10/2020 8:17
44103410104,3.56E+15,34045100371,3/27/2010 23:11,8/7/2016 13:55
53103830108,5.04E+17,45031707068,9/22/2001 5:03,6/24/2019 19:34
15125439206,4.02E+12,24036706883,8/23/2014 14:30,7/16/2017 20:43
64744617408,5.47E+15,8080003835,3/15/2007 0:09,2/16/2017 16:00
18202337007,3.53E+15,59046308438,3/22/2009 1:25,11/11/2019 18:07
54611134806,6.76E+16,48015705683,12/30/2014 12:52,6/20/2018 6:44
46478011404,3.55E+15,88058805896,8/22/2009 19:58,2/3/2020 7:19
59429210400,3.59E+15,73058901519,9/25/2010 6:01,2/2/2020 8:32
23858454007,6.39E+15,65005705369,11/23/2009 8:47,1/15/2020 1:34
62843670900,3.55E+15,93025101849,5/21/2002 7:11,1/10/2018 22:23
82902919104,3.59E+15,92095107328,5/10/2019 17:49,4/27/2015 7:54
5781287506,3.57E+15,84045406091,5/3/2014 2:45,7/17/2018 21:54
62094135600,4.04E+12,28028808043,12/14/2014 21:12,8/6/2018 22:11
55784128802,3.54E+15,79095305427,7/23/2017 14:34,6/6/2020 13:26
94730614603,5.47E+15,52083904050,6/10/2010 21:36,2/2/2019 1:53
98883625500,3.56E+15,92039902333,2/15/2002 19:41,8/25/2016 10:08
75188767807,6.76E+17,54013303007,4/30/2000 14:13,4/22/2020 11:52
9203396907,3.58E+15,20067109472,2/17/2019 14:26,10/19/2016 21:53
18655031206,5.10E+15,21075207053,2/24/2016 19:30,12/9/2018 18:05
13060234400,3.03E+13,56075505763,4/6/2001 5:23,6/21/2018 14:57
95263500409,2.02E+14,27074100855,5/14/2013 22:20,1/1/2017 20:42
58135181304,3.03E+13,45018004729,10/6/2006 23:04,9/21/2018 21:19
7510117003,4.91E+15,96049408423,4/15/2004 0:50,12/2/2018 4:26
43347076906,3.54E+15,48005400061,11/6/2005 12:06,8/16/2020 10:01
47517890900,6.33E+18,54023807537,10/11/2005 12:53,1/9/2021 1:13
61440584000,3.54E+15,61030308762,5/26/2017 11:10,7/28/2015 8:53
25163430207,3.54E+15,38017001963,1/22/2018 5:43,1/21/2018 11:13
55502027501,5.60E+15,35074003786,6/27/2013 5:20,11/20/2017 6:31
47593832407,3.72E+14,89016006814,6/6/2001 2:35,12/27/2020 17:39
85096490104,5.47E+15,82084204943,4/9/2003 4:58,6/20/2020 9:44
1932394000,3.55E+15,96011202934,12/16/2002 17:32,12/3/2015 20:18
56326364700,3.55E+15,83057407069,2/28/2011 6:04,2/15/2019 17:21
44254697102,5.58E+15,9086309855,3/3/2005 12:33,1/12/2017 6:44
83528663200,3.54E+15,33067604786,10/11/2011 3:06,9/29/2019 12:33
80463892805,6.33E+15,5007700643,3/26/2003 15:01,12/25/2016 16:55
52546223206,3.59E+15,65036602302,4/12/2015 10:29,7/29/2015 15:03
18258159009,5.10E+15,19097702948,3/17/2018 12:36,8/28/2016 3:20
13648981404,5.60E+15,93076900361,9/14/2005 5:40,7/20/2017 21:42
17754296600,3.58E+15,17060406804,7/2/2011 15:48,12/15/2018 18:06
19512746306,6.77E+18,88034105736,12/29/2008 18:16,7/25/2018 17:48
37743972306,3.54E+15,61079901993,2/22/2009 17:41,11/25/2018 11:35
14063989609,3.59E+15,50043409616,10/21/2001 2:54,11/13/2018 17:02
81957308009,6.33E+17,63022308361,2/1/2005 13:21,4/28/2018 23:58
54946069808,3.54E+15,17013502291,5/9/2000 11:14,1/14/2018 1:37
72649576901,2.01E+14,10038506885,2/17/2004 9:40,9/8/2015 19:54
13350975200,5.10E+15,32029607581,3/19/2005 14:46,5/6/2017 15:00
4384653402,6.76E+15,61095904506,12/6/2007 3:22,8/25/2019 10:38
71840768609,5.10E+15,26015503691,7/9/2019 21:08,3/22/2018 9:17
32670276901,5.04E+17,56017805741,1/25/2000 13:52,10/18/2019 2:09
17402232303,6.76E+15,86016708580,4/20/2004 1:44,2/10/2016 1:21
96478645105,6.39E+15,30054605578,2/10/2000 11:53,3/6/2020 23:11
28679676501,5.60E+18,17027404992,12/21/2011 5:47,9/13/2017 15:57
84095490500,6.30E+16,4035906121,1/10/2015 1:52,8/1/2020 4:50
61489498507,6.76E+16,5045609273,4/7/2004 17:13,5/8/2015 17:01
93387823600,3.04E+13,16095704491,6/8/2013 6:00,4/19/2020 3:59
70394596800,3.58E+15,82022909159,7/18/2016 8:15,11/29/2016 6:33
93902895604,3.75E+14,19012109573,11/17/2006 9:42,1/1/2019 19:06
79978678702,3.57E+15,16083406302,2/25/2006 14:03,10/13/2016 19:34
4710948003,3.53E+15,26020101357,11/22/2003 14:15,8/21/2020 20:11
9086672909,3.74E+14,92023104257,6/23/2003 4:36,10/6/2015 21:24
30236086807,3.57E+15,32061103838,5/13/2008 5:20,4/28/2017 18:40
8774199801,5.37E+15,75077401227,5/8/2008 0:59,6/2/2018 22:40
21783787703,5.47E+15,94065807950,12/9/2018 19:56,9/22/2017 21:17
84481515805,2.02E+14,17036908204,1/28/2001 19:56,5/1/2017 20:34
27284638204,4.02E+12,16084108852,10/12/2001 13:37,7/6/2019 13:56
16710088701,5.00E+15,42089103170,3/23/2013 11:52,10/27/2020 8:18
85424050800,3.58E+15,63079707754,8/25/2014 1:26,3/2/2017 0:14
97720458805,4.04E+12,43074109194,1/4/2016 22:34,10/27/2015 20:49
55089872508,3.58E+15,94039006490,7/23/2012 16:56,9/3/2017 8:54
76644910700,5.49E+15,79014700122,5/28/2012 12:14,8/18/2016 17:53
35420874400,3.74E+14,52067303427,7/15/2002 22:48,4/4/2018 5:41
13613251708,3.57E+15,50076801814,7/8/2010 20:57,2/25/2015 1:30
92714033908,3.54E+15,75018900292,12/7/2008 17:07,10/23/2020 19:30
17614855407,3.57E+15,65025909601,2/7/2005 16:50,4/1/2016 13:17
15143581606,5.04E+18,14026104488,6/22/2012 17:39,4/26/2018 6:15
84442662506,5.60E+15,11704796,11/7/2002 9:47,12/4/2016 4:01
44358795703,5.24E+15,73060907418,6/16/2012 8:45,7/12/2018 5:53
27143372807,4.91E+15,42061705803,11/19/2017 20:59,9/10/2020 21:01
30380042305,3.57E+15,44030707762,2/22/2019 15:30,12/31/2017 23:40
25248257306,3.56E+15,46089600971,12/17/2004 9:49,10/17/2017 20:08
41245844606,3.57E+15,26087107437,12/29/2011 11:02,7/25/2020 17:41
23167215803,4.92E+15,90095601061,9/14/2003 13:21,3/26/2018 18:57
22823602900,3.54E+15,13030703643,9/2/2019 11:21,12/9/2015 20:53
4127717506,5.10E+15,92045301228,9/19/2013 20:24,10/1/2019 6:42
26849064509,3.56E+15,64054902545,3/28/2004 10:53,12/20/2015 20:06
89580453700,3.56E+15,4042102482,4/24/2013 7:21,1/27/2018 9:11
42619358408,5.02E+18,18035703552,10/22/2003 8:24,4/11/2020 4:22
65789499500,5.01E+15,81016505672,4/1/2019 10:24,12/10/2017 0:47
76765352505,3.55E+15,42042702437,5/20/2013 0:45,3/22/2018 19:47
24118112107,3.53E+15,81052400281,4/26/2017 13:42,3/6/2015 14:11
17209957209,3.02E+13,92032802692,11/10/2007 1:50,11/22/2017 4:00
77039671703,3.55E+15,10002509190,6/22/2002 2:05,7/31/2017 8:21
6442426800,5.01E+15,37004806041,6/1/2011 23:27,8/4/2019 20:30
48917359307,3.57E+15,32005902656,2/19/2014 1:17,7/17/2015 12:20
65203281406,3.03E+13,79030105878,6/13/2000 3:05,6/18/2017 19:08
31176300704,3.56E+15,41008802226,12/16/2016 23:40,2/1/2016 1:50
87503994602,3.55E+15,63098102988,3/20/2000 7:49,4/10/2019 22:21
64830434104,3.01E+13,69092802041,9/30/2009 5:50,9/8/2018 13:32
3606692200,6.37E+15,41037802369,3/24/2014 14:28,5/17/2017 12:42
74508170800,4.91E+15,23093803798,10/18/2009 1:55,4/21/2015 8:22
27509537203,3.57E+15,52079603752,1/14/2008 0:28,5/30/2020 20:23
25265416809,5.60E+18,59025603087,9/27/2013 21:25,10/15/2017 9:28
84574687105,5.17E+15,6059708163,12/7/2010 11:25,3/30/2016 17:35
75349829001,5.64E+18,96063401917,6/26/2007 19:11,9/16/2018 14:46
68232919508,6.76E+15,96069102141,1/20/2010 6:34,6/7/2015 0:57
68789336303,3.55E+15,91058606460,6/12/2012 20:48,6/24/2019 5:04
96808278709,3.58E+15,95082308975,7/17/2009 6:08,7/22/2015 22:47
50628078705,3.74E+14,93068809083,12/14/2011 7:23,1/29/2018 15:35
37637421203,5.10E+15,30030505163,11/24/2003 5:33,9/25/2015 14:30
39261450909,6.37E+15,65704141,6/18/2005 13:56,7/14/2015 9:41
47022400408,6.76E+17,28075202390,5/17/2011 10:24,6/6/2016 21:28
90656887300,5.47E+15,28072100650,3/20/2012 4:57,2/20/2020 8:23
81436542801,3.55E+15,88008506242,1/3/2019 5:49,10/18/2017 22:25
95186327301,3.38E+14,3074204817,1/1/2015 6:53,4/15/2020 1:29
76125428200,3.38E+14,60094501525,4/6/2002 20:23,1/16/2020 18:42
89867566608,6.76E+18,70028703238,10/7/2011 18:07,2/3/2019 23:06
52126803100,3.54E+15,47004006688,6/28/2015 16:07,2/25/2019 20:56
39135616009,3.53E+15,27089201020,1/31/2019 22:25,5/5/2015 2:50
76017889504,3.57E+15,24049104425,11/20/2013 6:04,10/22/2020 8:09
69109930004,5.60E+18,83082708719,11/6/2018 12:02,7/12/2019 17:24
70408440001,3.02E+13,18054900756,8/31/2004 1:07,8/8/2016 11:27
80609107807,5.64E+18,19036207066,5/7/2007 4:35,4/12/2020 6:40
47527266906,6.33E+15,93082005164,2/19/2012 22:24,1/14/2020 12:33
88770529808,3.55E+15,57013806418,10/17/2013 18:52,11/8/2017 2:51
87820586001,5.02E+15,22085407146,6/21/2004 23:59,10/16/2018 0:21
29847677103,2.02E+14,27005808471,6/6/2002 11:37,8/26/2016 19:18
73631541505,3.58E+15,19045107955,9/6/2009 9:52,4/29/2019 19:04
1103024600,5.64E+18,80011301867,4/16/2018 7:59,3/9/2020 2:00
58390308005,4.90E+17,6053404080,7/3/2004 19:11,1/23/2017 15:45
7573049007,5.60E+18,14002603143,3/1/2018 17:07,7/24/2015 15:40
83308408509,2.02E+14,63034107087,2/2/2002 3:46,4/30/2017 22:23
80616041302,6.30E+15,92097008254,8/16/2005 2:04,3/3/2017 23:47
3567758306,6.77E+15,74070503696,5/12/2014 1:41,7/8/2019 3:51
61833803609,6.05E+17,73047802100,9/12/2008 16:22,5/26/2017 0:42
40189840006,3.57E+15,3000805253,1/29/2012 1:15,12/7/2017 21:11
75379662507,4.91E+18,77045502104,10/29/2017 14:52,12/15/2019 3:32
58991388900,5.01E+15,76043703237,2/1/2008 2:56,10/6/2019 4:11
76561173304,2.02E+14,30093701075,12/15/2008 15:05,3/25/2019 21:47
79239413109,5.10E+15,82045009110,10/17/2012 0:24,9/4/2019 5:16
71254037403,3.56E+15,33073305405,5/2/2010 10:05,7/22/2018 12:39
8619557507,2.02E+14,96096609134,5/15/2014 18:26,2/9/2020 1:01
46905127404,5.60E+15,2064903628,6/2/2008 15:21,7/26/2020 17:59
27987202006,5.60E+16,46012103120,8/28/2004 15:57,11/15/2017 13:47
33035809306,6.76E+18,70054706334,9/21/2004 21:15,12/4/2020 3:08
47278403008,4.51E+15,63067606777,3/19/2011 21:56,8/23/2018 9:36
98890597907,3.57E+15,81015707239,9/15/2009 23:11,8/27/2018 23:48
4765151801,3.58E+15,31006601139,5/20/2016 15:14,12/17/2018 5:35
50581964500,3.58E+15,59091003419,3/22/2009 15:09,1/27/2017 3:56
17881017802,3.53E+15,19053103786,2/14/2019 18:34,6/18/2019 17:32
90369568406,6.05E+17,3092302807,11/13/2010 16:42,7/3/2019 3:14
77960356509,3.72E+14,30069103225,6/21/2014 19:40,3/22/2019 3:56
38056872006,3.59E+15,24099401249,6/28/2003 13:12,4/18/2018 10:24
9212956304,5.61E+17,53062400829,1/4/2013 1:00,12/31/2020 10:45
84787874906,3.64E+13,75093305390,2/16/2006 20:11,9/20/2018 23:32
15141853206,5.01E+15,83010907685,12/23/2018 8:49,5/3/2015 0:17
64820376900,3.58E+15,46022609662,11/22/2000 6:15,3/17/2018 18:56
17725661502,5.60E+15,52006004264,2/25/2004 21:47,8/17/2015 2:41
96780658600,5.00E+15,89016408558,8/22/2013 23:31,8/22/2020 14:21
3871173304,3.59E+15,43089404139,4/9/2001 0:31,9/13/2018 14:44
48537811700,6.33E+15,68079904821,10/9/2013 13:07,1/1/2019 16:29
99210625104,3.58E+15,98009800514,7/23/2014 22:46,12/5/2018 5:33
95665766107,5.61E+16,50024701942,2/11/2011 19:06,12/11/2019 21:04
89510722900,6.71E+15,3052106716,3/25/2008 1:25,10/23/2015 0:38
14640003600,3.74E+14,82021808733,2/21/2006 15:12,4/15/2016 14:25
14973334203,6.76E+15,61058302639,1/31/2000 0:16,6/27/2015 21:21
21240139908,5.60E+15,56090200500,12/5/2011 6:01,2/2/2016 9:27
48111838904,3.55E+15,19088302686,7/23/2014 9:54,6/5/2019 10:36
318510405,6.77E+18,62014803969,10/29/2017 21:37,8/28/2015 1:11
41221037504,6.30E+15,7052203317,9/17/2019 16:12,12/16/2017 10:37
45460763004,2.01E+14,80092101193,4/28/2011 4:49,3/2/2018 10:49
62056299205,3.00E+13,41052202474,9/30/2002 2:01,7/25/2017 9:34
67807933700,3.56E+15,41064507231,10/30/2015 7:43,5/5/2020 8:59
35826239200,3.54E+15,90002503442,3/21/2002 11:59,3/29/2019 15:00
4469783700,5.60E+17,43045909800,10/26/2004 16:26,5/25/2018 12:34
46925278700,5.40E+15,26090206022,3/17/2009 20:20,8/31/2017 16:03
54398196409,3.57E+15,1073700386,6/14/2007 17:04,10/23/2020 10:59
71740743204,3.55E+15,92059901915,10/18/2017 23:47,10/3/2018 10:40
34488274100,4.94E+18,83081002592,10/11/2006 10:06,12/22/2015 21:37
37283765606,5.02E+18,76002009576,7/21/2008 19:26,7/6/2017 4:37
58604508500,3.57E+15,97027704413,9/24/2013 18:59,8/13/2019 9:07
11526234000,6.77E+17,10065807400,11/13/2008 15:59,1/15/2018 2:35
68544477200,5.23E+15,57070706630,8/4/2002 17:29,10/27/2018 2:40
55686079900,6.77E+17,8073008916,9/9/2013 22:30,4/24/2019 7:10
47454934404,6.77E+17,92015603262,10/16/2010 14:53,3/27/2017 23:49
453835503,6.71E+15,93047301689,12/30/2014 12:43,1/2/2017 21:13
7163532209,3.54E+15,45062600643,1/30/2019 3:24,5/19/2017 11:03
73967277007,4.41E+15,27087404233,12/4/2010 3:32,4/4/2018 18:21
2329857508,3.53E+15,96062402763,4/20/2017 7:14,8/8/2017 5:58
70440016002,6.33E+15,57064806123,1/8/2010 8:27,6/17/2017 23:27
12780321304,4.91E+17,35079607225,4/15/2005 12:56,9/6/2018 0:57
64081417104,3.53E+15,75079506505,4/19/2018 16:12,3/26/2019 7:48
40052772804,6.77E+15,42043705634,4/18/2012 19:42,9/4/2017 19:14
16799591105,6.76E+17,66086207723,4/29/2016 18:33,8/3/2015 13:13
10989732901,4.90E+18,31001707238,10/9/2016 7:54,7/6/2016 11:09
45729839401,5.60E+15,85062001548,5/19/2002 9:32,6/14/2016 22:25
65449474802,5.11E+15,17037206856,12/4/2018 5:16,2/18/2017 5:16
6329053100,3.06E+13,46017100760,4/11/2011 18:53,3/2/2016 3:42
83627013606,6.77E+18,98061208295,8/19/2004 6:30,1/10/2017 15:17
71451730609,3.54E+15,6048804895,2/1/2013 0:25,1/20/2019 6:26
20268554800,3.59E+15,77091506889,8/13/2005 11:41,11/4/2015 3:34
17728147205,6.77E+18,50064707492,12/23/2015 21:07,2/12/2016 17:12
69390017708,5.21E+15,29022901376,10/1/2009 0:47,9/16/2017 13:33
71385971402,5.60E+15,22060200575,2/4/2012 1:12,2/4/2020 12:32
7021694603,3.58E+15,80000607316,8/9/2009 0:55,9/19/2018 17:29
37717021305,3.53E+15,44026209361,9/8/2008 7:37,9/26/2019 14:14
52221763701,3.55E+15,48051604767,9/26/2010 22:36,10/30/2020 4:54
13293785102,2.02E+14,41020409859,5/8/2007 7:56,9/7/2018 23:08
76176703504,3.55E+15,20072504322,5/13/2008 1:05,8/25/2018 13:26
41883836802,3.75E+14,69001903710,10/19/2017 11:31,6/11/2015 16:14
65459921800,3.57E+15,70062009198,3/23/2010 22:47,12/25/2016 0:55
74323951404,4.90E+18,14052005935,11/4/2000 1:59,5/25/2015 10:27
922422109,3.02E+13,83074102125,7/25/2003 10:48,9/10/2018 19:03
37372672806,5.60E+15,56095101674,11/30/2010 14:23,2/24/2015 9:29
74700152408,2.02E+14,87029109067,9/13/2016 19:14,2/5/2017 23:08
7408971100,5.04E+17,46094302624,4/28/2015 10:13,10/18/2015 11:20
5603345400,3.57E+15,70022803804,4/16/2004 4:31,2/3/2020 9:41
6565221207,3.55E+15,2071601343,1/20/2006 21:11,11/20/2020 18:55
42356136903,3.00E+13,86030006521,3/9/2006 13:17,1/28/2017 18:07
93038691401,3.02E+13,72095802149,3/16/2018 8:18,11/29/2020 11:41
48420871601,3.58E+15,65030804947,10/20/2010 18:34,12/17/2016 2:12
5292843509,5.05E+15,45053406713,8/21/2011 13:18,8/12/2017 20:34
85810356908,3.53E+15,76051705744,1/28/2013 14:12,1/14/2021 3:00
96386840308,6.30E+18,41085902657,8/18/2009 9:21,9/1/2017 11:33
45595498304,3.53E+15,65020400963,7/19/2001 15:25,3/28/2020 5:51
56137818805,6.05E+14,63022100320,1/28/2008 19:24,5/24/2015 15:57
19044155309,3.57E+15,55013704728,7/29/2001 0:15,9/3/2015 6:39
69024270406,3.55E+15,24907263,9/7/2003 1:54,11/30/2016 2:17
4928482504,5.60E+15,72010802836,4/6/2008 8:53,11/7/2015 22:59
63530119101,2.02E+14,80031401952,12/5/2005 5:39,10/17/2020 8:15
16673002808,3.54E+15,46004000616,10/21/2016 19:22,12/31/2018 15:17
21488496308,3.55E+15,71091301444,10/31/2003 3:11,4/13/2018 16:17
51879729709,2.02E+14,17094301086,2/8/2003 6:17,7/31/2018 5:19
52356641607,4.03E+15,80048504803,8/4/2015 19:12,9/26/2016 7:25
99856641901,6.77E+16,8041509718,11/12/2000 18:33,9/14/2020 16:38
43425206408,6.76E+15,90072108890,7/30/2012 21:40,2/17/2017 13:33
91630584702,4.41E+15,7024407298,4/9/2003 15:23,7/14/2020 0:23
41106027402,3.58E+15,42011003827,10/3/2014 7:34,5/9/2015 7:46
86736006707,5.60E+15,11002902715,11/28/2016 13:59,2/4/2017 9:05
4431401700,2.02E+14,13010600308,8/13/2005 7:05,10/10/2017 19:00
80977200904,2.02E+14,92021606612,6/20/2014 6:43,12/22/2019 9:16
29678354407,5.60E+15,55061502252,8/4/2012 7:46,10/31/2020 16:47
54461196300,5.10E+15,96092602318,1/10/2016 3:46,10/17/2016 5:26
714247706,5.10E+15,30059002976,9/16/2000 17:10,9/12/2020 13:01
23066434900,3.59E+15,46036006932,12/12/2008 21:50,3/18/2016 19:02
80690870408,3.03E+13,48073109543,10/17/2014 5:16,10/20/2020 1:29
89083339400,6.30E+16,40050803827,12/25/2003 23:52,4/10/2015 9:31
95212678807,5.05E+15,52042402524,9/14/2003 6:39,6/24/2016 12:23
20340716602,4.84E+15,34097800493,2/2/2013 1:34,1/16/2018 23:23
64666624504,5.60E+15,34030607718,7/28/2012 8:15,7/26/2020 3:47
79950861201,3.77E+14,33047402354,5/30/2003 10:40,11/24/2015 20:58
66066768207,3.58E+15,1067809793,6/6/2000 8:38,5/20/2017 21:01
4036838203,3.06E+13,76000902046,8/31/2013 16:39,3/23/2020 11:58
15003896706,3.55E+15,92060605890,2/23/2015 22:23,9/1/2018 18:35
92795088104,5.26E+15,92092308539,9/7/2010 18:29,5/16/2018 17:13
26887443702,3.53E+15,72017900622,6/30/2002 17:33,6/2/2018 17:08
16556396902,3.57E+15,35017801396,2/11/2010 12:51,9/27/2020 18:03
11357245407,6.30E+18,73089006226,11/1/2015 18:04,2/12/2018 7:39
56304364300,5.02E+17,54040003972,11/22/2013 7:23,3/8/2020 12:34
37578556309,5.60E+18,67035302677,12/22/2011 20:49,1/24/2016 7:15
1351326104,3.55E+15,51007309769,10/28/2006 7:51,7/10/2017 7:27
60878298605,3.54E+15,72066104948,11/9/2009 21:50,9/17/2016 4:31
10435828207,3.54E+15,80007306425,5/22/2005 20:56,2/22/2020 0:47
92234646401,3.57E+15,57026602536,10/30/2003 2:55,3/23/2017 16:52
63056772004,5.10E+15,61040205325,8/30/2018 17:29,10/23/2018 19:28
87920943205,3.58E+15,54061400621,6/30/2008 0:06,3/15/2015 10:31
35298363200,3.53E+15,3083805361,12/28/2009 17:33,5/19/2017 1:48
73954818001,5.60E+15,48058907725,8/21/2013 10:26,8/14/2020 21:58
92121812306,3.56E+15,84063601325,5/31/2011 15:37,9/24/2019 1:35
51099798908,6.33E+18,68013902998,5/14/2017 1:50,4/10/2017 15:33
72596856504,3.00E+13,9054107968,10/13/2006 16:47,10/28/2019 6:28
34419311703,5.60E+17,90017904082,11/23/2012 2:08,6/27/2020 2:10
33078806400,3.57E+15,75039700676,3/11/2016 17:02,2/9/2017 6:34
434591808,5.60E+15,22041808524,6/27/2000 8:24,10/5/2017 12:20
31588487106,2.02E+14,40064009380,9/14/2017 10:46,3/30/2018 20:20
69885075704,5.60E+15,59095105336,7/27/2005 11:04,10/15/2018 19:31
59982070303,3.70E+13,60056504240,3/6/2004 9:11,6/11/2018 9:46
33843346004,3.05E+13,69073906948,12/26/2009 16:13,11/12/2017 0:37
41763728000,3.02E+13,84048105668,8/29/2005 0:32,2/20/2017 7:04
3878577700,3.56E+15,94042906740,10/20/2018 8:21,3/1/2016 10:30
61229142900,3.57E+15,91021505507,8/15/2001 15:13,4/3/2019 11:16
88433268800,3.53E+15,90096706828,7/26/2015 7:55,12/21/2020 21:58
96759055300,2.02E+14,43066005421,4/16/2013 13:23,7/28/2016 9:32
73756244808,6.71E+16,64007206172,8/13/2011 8:15,9/17/2017 0:52
78101741500,3.56E+15,90074901763,4/3/2006 2:01,8/14/2017 6:23
1040832102,5.58E+15,5040900190,10/2/2004 6:39,12/14/2016 9:00
51654828505,3.58E+15,93019001824,1/4/2010 11:14,7/31/2018 11:46
97701785305,3.59E+15,3090507104,4/25/2009 2:09,5/1/2018 10:30
19626524705,5.02E+15,46020802639,12/28/2001 14:06,6/5/2016 3:59
14653260801,4.91E+17,39083705542,8/3/2011 1:35,6/13/2019 19:14
18892328007,3.53E+15,24046308176,2/11/2006 14:50,3/8/2019 8:38
65763748404,3.54E+15,13035809005,5/11/2015 13:41,9/15/2018 7:14
4774637504,3.38E+14,11084908247,12/30/2010 6:51,12/2/2017 12:37
78109142501,3.53E+15,95020602618,2/18/2008 10:15,3/17/2020 8:23
57807429001,6.76E+17,84082500988,3/6/2010 7:58,6/14/2018 17:05
32015706702,3.38E+14,57096101793,11/28/2013 18:24,1/18/2019 11:24
10589769203,3.54E+15,86034109567,7/25/2018 9:41,12/12/2019 6:05
57234009901,4.91E+15,65063906973,2/23/2004 1:32,12/6/2017 7:44
33630545909,3.57E+15,91092104241,2/26/2008 15:03,7/16/2015 20:29
90787823508,3.53E+15,14055003824,2/14/2008 11:04,7/15/2019 22:14
43310475908,6.33E+18,21022306179,12/12/2000 10:14,2/2/2020 10:25
60428306207,3.55E+15,2013104547,8/13/2013 2:57,2/18/2016 9:56
38366367501,3.53E+15,58090701530,10/4/2008 0:08,10/25/2019 19:44
86320062900,5.01E+15,9078104323,4/19/2007 21:26,8/12/2018 14:27
34939272400,5.10E+15,83095907584,9/23/2011 0:21,10/25/2016 13:00
93816460900,3.74E+14,69016407844,6/13/2012 0:33,9/15/2015 22:02
67421495105,3.06E+13,57016606292,4/6/2004 13:34,3/13/2015 8:20
53686528905,3.55E+15,58094702015,4/19/2012 5:49,11/26/2019 9:48
82071556200,6.33E+15,57019501902,12/31/2010 3:18,10/30/2016 13:01
63316830406,4.02E+15,44030202988,7/17/2016 0:38,6/11/2016 9:42
18259778502,3.57E+15,47092707786,2/18/2002 15:52,8/21/2017 7:25
67309941206,6.40E+15,90050003293,3/18/2004 9:39,3/30/2020 0:09
33453752300,3.01E+13,65048806590,3/5/2002 3:46,2/11/2015 21:16
93166189607,3.55E+15,82005504669,4/28/2018 15:43,7/13/2020 3:44
28063919003,6.33E+15,53002402201,2/6/2018 7:24,3/21/2017 21:20
38324806205,3.53E+15,42061104330,5/15/2018 22:57,10/9/2015 12:15
67518629504,3.58E+15,9085703114,10/13/2018 23:14,12/1/2018 13:43
43169433204,3.59E+15,51084207691,6/1/2019 0:57,8/13/2019 16:23
80485368602,3.56E+15,8032904605,5/8/2004 7:51,12/3/2015 13:26
84645698606,3.72E+14,92096906797,12/9/2011 17:58,1/14/2020 12:16
7592081704,4.41E+15,69005204676,11/5/2000 18:35,1/5/2016 5:27
61979485302,6.76E+16,5017808840,3/14/2006 10:39,12/3/2019 13:01
47085409703,5.05E+15,87096005134,1/21/2012 20:04,5/14/2016 12:30
26832809800,2.02E+14,76093002360,5/31/2013 0:21,6/20/2017 13:23
43328045602,4.04E+15,55050703567,9/29/2007 11:56,9/25/2016 17:05
73673990800,5.10E+15,94071203825,11/4/2011 6:24,7/7/2020 22:02
57306894700,3.56E+15,57048900335,1/26/2009 10:18,8/31/2020 19:09
85655613103,5.11E+15,2064902703,11/19/2002 11:12,4/5/2019 12:29
91614318206,3.59E+15,14026607110,12/30/2011 0:34,8/4/2017 5:52
25500670906,5.37E+15,23062407025,3/26/2016 16:33,11/19/2018 22:03
66548411105,5.60E+15,18033003649,4/30/2012 1:57,8/7/2016 14:23
120996000,6.05E+14,49078903049,10/12/2009 15:13,11/11/2020 22:32
73464455700,3.57E+15,46058100861,7/21/2018 7:52,9/13/2019 4:44
78954860800,4.91E+17,56046808266,12/1/2015 0:52,2/17/2018 3:08
61825958107,5.37E+15,17092601371,7/28/2004 4:53,4/3/2019 0:02
72232806809,3.54E+15,38071207996,7/18/2017 10:37,7/10/2016 12:35
8139291909,3.58E+15,29032708173,6/29/2002 23:46,6/28/2018 4:51
18912963209,5.60E+15,5022804901,7/23/2001 18:33,7/18/2017 10:27
72206519601,5.60E+15,52076702281,12/29/2009 19:50,3/31/2015 2:16
88881967409,3.59E+15,72034308460,9/21/2002 2:06,2/4/2017 10:15
9115203107,5.10E+15,47076807803,9/16/2015 23:56,5/14/2018 23:39
30822804505,3.57E+15,98034009258,6/17/2016 5:04,6/16/2015 8:51
49164430309,4.04E+12,32014607998,5/24/2013 0:16,4/13/2019 3:20
97215361300,3.55E+15,84069104104,6/1/2010 13:45,11/10/2020 11:25
66895131300,4.04E+15,84002802978,5/16/2018 0:29,4/7/2018 0:21
42737393408,3.54E+15,42014401898,4/13/2010 9:19,2/27/2015 13:41
88439876606,5.10E+15,73033004357,9/12/2007 19:35,10/5/2020 23:03
74409379700,5.10E+15,79093104109,10/19/2011 19:40,5/29/2018 11:49
62615045505,3.58E+15,57082800223,3/15/2012 1:58,8/31/2016 0:33
89014683709,4.94E+17,93091309401,6/6/2017 9:02,6/5/2019 5:53
60729452600,2.02E+14,17079706455,12/12/2002 15:18,6/2/2016 22:30
43555366209,3.55E+15,62019806863,4/16/2000 12:25,2/11/2016 5:48
99271494500,4.04E+12,50027801430,7/27/2019 12:27,2/21/2019 1:56
76006961805,3.38E+14,2003207026,1/18/2014 7:57,1/27/2015 22:12
77133695308,5.60E+17,11040406119,7/17/2018 16:01,11/29/2017 12:42
50716139300,3.57E+15,90087206003,7/10/2003 14:33,9/7/2018 0:22
63420316703,3.53E+15,17078301948,1/9/2016 14:54,3/12/2019 2:08
58600503300,3.55E+15,44039302935,11/2/2004 18:39,4/22/2016 10:19
82295752900,6.76E+17,2040306143,7/30/2014 5:01,10/4/2020 4:21
51758280906,3.55E+15,63090203839,11/16/2005 0:28,1/3/2018 21:15
64480347703,3.01E+13,5023903653,1/22/2008 20:23,1/17/2019 5:41
95926204007,5.60E+15,80070201488,7/29/2014 6:06,6/2/2016 11:24
61863447907,3.55E+15,59011807435,4/24/2017 17:48,6/12/2015 0:04
23397801001,5.60E+15,8060302383,3/19/2007 1:28,8/30/2018 4:11
31392078008,5.48E+15,1020804225,4/24/2004 16:00,7/12/2016 11:39
36232669409,4.91E+15,41059001989,7/1/2017 1:46,3/16/2019 7:38
52301491008,3.54E+15,32078107813,10/20/2009 0:28,10/13/2016 18:16
35675338207,3.55E+15,74097503449,5/7/2005 18:34,4/6/2015 4:40
43418745109,5.02E+18,51033005451,3/15/2011 7:56,4/1/2020 22:32
76627091302,6.30E+17,34054802905,6/9/2015 10:02,12/10/2020 12:43
61323518902,5.60E+17,8075208891,5/26/2015 5:20,12/25/2015 0:11
61944574104,4.02E+12,50046606190,8/13/2009 6:28,12/20/2019 3:00
60754834101,6.76E+15,96042002628,9/14/2007 6:18,5/29/2016 11:35
72441386905,3.54E+15,13079007853,2/4/2006 12:18,11/7/2015 6:40
5991938901,5.64E+17,51044706088,4/27/2014 1:34,9/29/2016 1:29
8613045600,6.71E+15,50032304880,7/12/2001 19:14,7/1/2020 5:22
31625261400,3.59E+15,26005409446,12/27/2014 16:52,12/19/2020 5:54
32897553200,5.00E+15,47037602999,1/14/2013 2:21,4/17/2020 12:01
247508607,5.60E+16,86086402113,7/23/2017 10:09,7/18/2016 8:58
33049229308,3.54E+15,84088103542,6/23/2007 4:28,4/8/2016 16:13
35886329408,5.60E+15,95013100835,2/12/2013 3:20,12/23/2018 4:26
30993444403,5.10E+15,59071303859,5/17/2012 13:10,3/29/2018 17:47
18658858501,3.58E+15,24047301218,12/20/2007 10:40,3/4/2020 3:24
25367065509,3.56E+15,89065205355,4/9/2010 23:45,4/28/2019 5:06
15546113402,6.77E+15,6003204326,6/16/2018 0:54,7/5/2018 13:50
12177198006,3.57E+15,46045609123,9/2/2015 0:04,8/5/2018 4:36
82831858700,3.01E+13,90038702437,7/26/2014 9:43,11/18/2019 12:07
69655514503,3.54E+15,15078402430,6/8/2005 14:19,7/19/2015 8:39
29845381906,3.54E+15,28030905871,7/3/2017 14:44,4/5/2019 3:19
97300004303,3.53E+15,47023007619,5/8/2008 10:15,3/14/2017 20:56
84147622800,3.56E+15,84018106263,2/19/2001 21:41,8/16/2019 23:56
92991460603,3.53E+15,6061605966,6/3/2008 17:17,12/20/2016 3:06
87985216204,6.33E+15,63070802813,2/18/2002 20:51,9/21/2020 7:56
57036901700,2.01E+14,92007908896,2/10/2005 1:31,10/3/2018 12:12
22666124009,3.54E+15,2084806288,3/1/2017 6:15,5/19/2020 12:15
34596143203,6.33E+17,4030304300,11/25/2019 22:16,4/20/2017 10:10
97785504009,3.59E+15,26035402314,2/5/2018 10:09,4/14/2018 7:24
65619196503,6.33E+17,32099405032,10/22/2011 19:23,6/16/2020 9:24
26149152406,3.38E+14,81012001736,11/19/2008 23:09,1/12/2021 0:55
14399405205,3.58E+15,37021203867,5/19/2009 1:19,3/9/2018 18:18
42089788103,3.74E+14,29060506668,11/25/2008 16:44,1/1/2021 4:08
55558237700,5.60E+18,6041609732,9/19/2015 14:16,6/26/2016 8:53
75670764504,3.56E+15,46076300349,7/8/2003 13:24,9/14/2015 8:10
53590479804,5.61E+16,73031603632,3/4/2002 4:15,9/14/2017 14:10
32545220502,5.05E+15,41027007310,9/22/2017 3:53,12/12/2016 21:37
54472956209,3.54E+15,94078009637,5/4/2002 22:25,10/14/2018 13:38
87621613402,5.46E+15,91037108948,7/18/2006 16:19,10/26/2015 14:38
31730916200,3.58E+15,29009601244,1/3/2017 17:23,4/19/2015 14:57
47215430903,2.02E+14,32005608710,1/5/2005 8:03,8/2/2019 20:21
79274067905,3.58E+15,51082501816,4/21/2012 22:23,1/7/2020 17:36
41488785803,3.57E+15,11013305717,8/25/2000 5:28,4/8/2018 3:41
27617590502,4.84E+15,88000008593,11/28/2012 15:06,12/25/2017 6:59
11405749801,4.04E+15,49079409620,9/29/2014 6:24,10/5/2020 14:46
57468843400,3.56E+15,43073004418,9/19/2016 5:03,2/7/2016 4:12
57868713200,3.56E+15,86059405977,11/3/2013 17:55,9/21/2018 7:58
28565556901,3.59E+15,15041405754,6/3/2018 20:20,11/15/2015 7:16
81554660207,5.60E+15,74088402481,4/25/2009 15:00,7/12/2015 6:34
3873639908,5.01E+15,22023402250,4/5/2016 5:53,8/23/2016 7:00
41877498808,5.64E+17,63093700575,12/28/2019 21:25,9/2/2015 17:08
87724755502,4.84E+15,89082808424,7/1/2017 3:37,8/30/2018 7:07
10861349508,3.56E+15,13016808852,9/9/2011 3:04,2/25/2016 21:45
84667610102,3.57E+15,92000208160,5/21/2009 4:25,9/7/2016 22:09
68533085202,5.60E+15,66093708905,4/9/2013 15:24,3/18/2015 10:37
13629306404,5.61E+15,86066806461,4/18/2017 20:22,2/3/2016 23:11
59043230000,6.33E+18,64066607976,6/24/2002 2:40,8/19/2015 17:04
471312303,3.58E+15,60051207915,2/14/2010 5:17,1/11/2021 2:53
69980323400,3.58E+15,31082805519,8/4/2016 12:04,4/6/2015 11:40
18683875500,3.56E+15,26018407768,6/5/2006 16:02,1/5/2020 11:59
26465771608,3.59E+15,20044102420,9/12/2013 10:24,1/12/2021 16:19
63087808309,5.11E+15,7089002722,5/25/2002 22:17,3/20/2015 7:56
98549541503,3.02E+13,1011804843,1/6/2004 14:12,6/12/2020 20:18
82958005900,4.94E+17,61027408930,1/23/2009 20:05,8/3/2020 23:38
10125023706,5.46E+15,49078909760,7/3/2009 22:15,10/24/2015 11:17
19505543902,3.59E+15,32087704003,1/12/2020 18:54,10/26/2017 3:01
69043252607,3.06E+13,51005701629,12/31/2010 17:39,1/26/2015 20:56
24526094701,6.40E+15,43074706141,4/22/2016 7:17,1/27/2020 1:56
33853733306,3.58E+15,47047503325,8/13/2013 11:58,1/1/2017 3:59
35541059906,3.02E+13,41074504519,10/23/2008 22:09,11/28/2020 19:16
20631656601,4.91E+17,96002001064,4/29/2004 14:57,7/25/2020 14:58
38677094008,3.53E+15,39098403740,6/30/2010 20:02,8/10/2016 14:49
64669559704,3.49E+14,86061608268,10/26/2000 19:24,9/27/2019 14:33
60186609907,3.38E+14,26019507910,11/17/2000 18:43,3/14/2020 7:46
53893806202,2.02E+14,52061202228,10/1/2008 16:08,2/15/2019 5:21
12859948706,3.58E+15,68001205885,9/30/2009 8:10,1/12/2020 17:40
86662462501,5.10E+15,68045304676,2/9/2019 19:14,5/7/2019 11:59
25194222907,3.05E+13,8076106211,2/3/2018 22:15,8/26/2015 21:54
15991080602,3.63E+13,97079501383,1/24/2007 3:34,3/29/2016 17:50
47530496200,5.10E+15,25090103151,7/30/2014 18:19,8/29/2016 16:51
88902193305,3.57E+15,70060303657,5/24/2005 3:55,7/5/2020 4:03
19334040109,3.55E+15,54000007189,12/24/2006 7:31,8/26/2015 16:56
71975749600,3.54E+15,99097004260,5/19/2011 9:59,4/29/2020 11:10
6022077504,4.94E+15,42072703164,8/22/2014 9:31,3/11/2019 7:31
65595423109,6.77E+15,40015901072,2/13/2005 15:35,3/10/2017 5:21
95636673807,5.02E+16,93003505078,8/4/2003 23:54,7/16/2015 9:27
53641790600,6.71E+16,39079007683,3/11/2017 23:53,5/30/2020 17:51
62689762606,3.03E+13,38051105661,1/10/2002 12:26,7/17/2016 3:11
38517960004,3.55E+15,50051607273,7/27/2016 13:30,6/9/2017 15:22
49154647401,3.53E+15,65085907414,4/13/2000 22:03,4/25/2019 14:41
2572953103,3.74E+14,83002509561,10/14/2018 3:45,9/18/2015 0:00
42229943901,3.58E+15,81022304705,11/11/2016 10:36,4/15/2016 22:22
67435007505,3.77E+14,76059300997,8/25/2011 3:50,6/3/2016 3:42
40799037007,3.57E+15,36081900838,3/3/2016 3:21,9/20/2017 9:02
85182544402,3.55E+15,49708468,11/6/2009 13:40,11/3/2019 18:51
29580669008,6.77E+15,23065403451,2/6/2008 17:34,12/28/2017 23:37
40147859200,5.60E+18,25011902027,10/2/2010 23:57,3/26/2020 20:43
11181431302,5.60E+15,3065309305,10/8/2008 1:55,3/17/2016 3:53
30144998101,4.90E+17,17040708503,1/5/2020 7:29,6/23/2018 4:12
39697115303,3.57E+15,26029807544,1/7/2003 7:52,1/29/2017 16:19
90570233609,3.38E+14,15019400062,12/29/2007 5:52,6/17/2019 9:24
91283178704,3.58E+15,59030407866,1/20/2005 0:15,9/13/2017 17:41
89490210604,3.59E+15,12068107287,12/6/2019 18:55,12/3/2019 19:33
48619732905,3.57E+15,5063501764,3/21/2012 12:12,1/14/2020 1:31
5060810100,3.54E+15,84062609251,12/24/2011 7:02,3/24/2016 5:21
30110439300,5.61E+16,83028602418,12/3/2011 18:26,11/13/2018 12:52
37838321502,3.68E+13,58093902591,11/23/2007 23:16,6/11/2019 18:45
96707298203,3.58E+15,29052406880,11/30/2003 22:44,5/21/2017 8:32
68389230804,3.58E+15,2034807068,9/23/2003 4:26,5/17/2018 0:44
15867135400,4.94E+15,70077908988,2/25/2010 18:00,4/16/2015 22:23
60409280108,5.64E+18,2001401030,1/22/2019 3:12,12/18/2019 7:32
304694605,3.56E+15,96046900149,3/13/2018 0:00,3/13/2016 3:03
22853200904,3.54E+15,45012902519,4/26/2002 21:03,10/11/2015 18:03
25283361404,5.60E+15,25087504226,9/7/2003 4:14,3/13/2017 20:37
8162911600,3.74E+14,10067701996,7/19/2008 18:01,11/3/2015 0:18
87127172508,3.56E+15,29021005178,4/5/2017 18:38,10/4/2018 1:51
55312234200,5.47E+15,4058807463,11/25/2017 21:17,12/25/2015 1:58
14053897307,3.58E+15,73093100858,12/19/2008 15:13,6/24/2016 9:17
54375379800,5.60E+18,59069300727,9/27/2018 13:13,3/4/2015 18:29
54597965800,3.56E+15,2085500914,4/20/2010 18:30,2/28/2016 3:21
37531667704,6.33E+15,47020700927,2/7/2011 16:05,6/11/2015 8:32
65462161803,3.56E+15,7022006512,4/16/2007 18:45,4/3/2015 11:24
71768209405,3.54E+15,42075907161,11/1/2004 4:59,12/17/2016 8:19
99271213500,4.02E+15,54037801800,9/13/2016 18:28,5/18/2019 12:02
98995051002,2.02E+14,58017307447,2/10/2000 4:56,1/10/2016 1:32
652060209,6.76E+15,25053309096,8/18/2013 22:01,12/2/2020 12:33
88391869300,3.56E+15,79097100009,10/3/2015 3:35,10/9/2017 8:51
67873458807,3.57E+15,94029305631,3/28/2017 10:13,8/30/2016 3:16
56215507900,4.91E+15,55054504605,1/20/2001 3:04,5/19/2016 16:21
8731113809,5.02E+16,17067007032,9/3/2013 9:12,6/21/2018 7:16
67548879704,3.59E+15,5094001960,4/15/2015 2:50,4/24/2020 15:15
30653046403,3.74E+14,60076204844,1/11/2017 12:46,5/4/2015 16:20
6360715405,6.04E+16,8068904124,12/14/2010 21:48,7/6/2020 22:45
77627293800,5.60E+15,45027505636,10/26/2004 20:51,6/12/2016 5:58
42630491208,5.61E+17,33048105788,9/16/2001 15:41,2/17/2020 12:04
4011092008,3.03E+13,24091008303,7/4/2019 12:41,2/26/2018 10:38
50049918309,6.38E+15,75042306422,8/15/2000 9:16,4/8/2017 14:21
3930657007,4.20E+15,74068400916,2/22/2012 0:43,12/12/2015 16:26
63911612302,3.54E+15,10049102254,12/29/2018 18:32,9/23/2015 3:36
93696103509,3.56E+15,7075003537,6/10/2018 18:13,8/5/2015 14:59
41530923800,2.02E+14,65007602421,1/31/2016 10:47,2/28/2019 23:19
93352627801,4.02E+15,81019307889,1/3/2018 6:11,9/2/2015 13:32
28573582503,6.71E+18,28018800313,3/19/2009 12:49,12/3/2017 10:10
29428577300,3.57E+15,57082908236,6/19/2001 22:19,9/3/2016 15:31
27921598407,3.53E+15,22096809387,7/3/2008 2:25,8/29/2020 0:39
14177663709,3.56E+15,73087403676,10/14/2010 2:52,9/16/2016 0:52
89670847006,5.61E+16,89020608012,2/23/2011 13:47,1/13/2018 4:32
37200271908,3.58E+15,92045906731,10/24/2013 18:29,12/23/2019 9:38
81633774307,6.30E+16,25049703625,5/21/2013 1:03,6/22/2018 22:47
28780535106,5.60E+18,59016309529,5/24/2004 10:15,5/15/2020 21:27
77232610407,2.02E+14,3057007174,7/8/2016 12:56,8/18/2019 5:26
66210369900,6.76E+18,41068408800,8/29/2016 3:16,12/26/2020 5:43
84007123802,5.60E+15,81099907690,6/7/2015 13:25,4/23/2019 23:15
60536168609,5.37E+15,76057009111,4/28/2003 10:49,7/11/2018 0:17
38732973700,3.56E+15,6097200652,3/18/2001 16:11,12/5/2015 6:05
68165398402,3.57E+15,22042909833,9/21/2016 18:19,2/4/2017 14:59
88694235006,4.92E+15,71012003441,10/2/2011 4:54,3/10/2016 9:44
27075879203,4.04E+12,73075000085,6/9/2000 16:10,8/27/2016 19:15
4519480401,3.59E+15,71042706538,3/13/2008 22:27,12/18/2017 22:18
36359678301,3.53E+15,48049608033,2/3/2018 0:18,1/10/2017 4:35
65494027806,3.57E+15,53095703982,7/2/2014 0:20,7/8/2020 2:17
7204063508,3.59E+15,86070205775,11/1/2018 4:16,1/5/2020 8:25
50499230206,3.56E+15,79048406576,2/10/2017 18:41,7/13/2016 0:41
29864837309,3.75E+14,93088508910,11/16/2002 20:55,10/21/2018 2:57
70057329905,3.59E+15,52084306812,12/17/2005 9:13,11/9/2016 8:20
85290200300,5.60E+15,73049305663,11/28/2002 3:51,9/9/2018 22:45
41025899601,3.58E+15,42079004765,11/3/2014 16:14,6/28/2016 4:50
62340822308,3.54E+15,55080605952,5/24/2006 6:39,7/17/2016 1:35
18579511704,6.33E+18,23050206031,6/18/2011 4:37,7/30/2017 22:54
56639697702,4.02E+12,68083802528,3/9/2002 20:23,9/3/2018 8:38
5361215705,3.53E+15,10005400539,1/19/2004 8:50,8/22/2017 1:30
1894465709,3.57E+15,71075002191,7/13/2000 11:33,8/14/2017 6:54
33308256805,3.55E+15,15025207716,4/30/2017 8:50,5/8/2016 21:57
20316149302,5.49E+15,79012406726,10/14/2013 16:01,2/23/2016 0:55
55386826009,5.48E+15,30069509338,4/4/2014 23:05,2/7/2020 1:57
18321317707,6.76E+18,28080602118,7/23/2009 21:29,3/25/2019 12:46
36979184501,6.77E+18,5027102942,5/8/2000 6:34,5/20/2018 14:58
85918488002,4.03E+15,73046603237,3/23/2011 3:47,4/11/2019 0:36
18844676404,5.02E+18,76055205906,2/3/2006 11:51,1/21/2021 23:23
82452539306,6.71E+18,98018904599,11/14/2001 7:03,8/16/2015 2:39
61153856001,3.75E+14,10068509724,3/4/2007 10:01,1/23/2016 23:56
84925849004,6.33E+17,44500448,9/30/2009 11:06,2/29/2016 6:56
13117095205,3.58E+15,83070803690,1/15/2012 8:27,10/30/2015 17:19
92181466601,3.01E+13,6006906983,3/12/2001 17:24,2/27/2020 9:40
68983267509,4.41E+15,48042303863,8/16/2001 3:51,9/29/2018 5:13
54722481901,2.02E+14,25030201843,9/20/2006 3:40,10/18/2019 3:11
20663763002,5.60E+18,46027901665,4/28/2013 14:16,5/13/2019 0:17
82514810007,6.76E+18,17004702506,5/1/2014 16:14,5/10/2017 2:49
3995448807,4.94E+18,39007300227,3/28/2010 9:35,10/18/2016 21:32
72424000400,3.56E+15,62088908947,1/16/2001 13:03,9/10/2016 5:44
62439008305,3.54E+15,88093408381,4/8/2001 22:15,5/18/2017 15:27
73700882600,3.54E+15,22080101084,9/20/2002 8:43,12/5/2018 12:55
78291106602,4.03E+15,19042106229,7/13/2018 14:24,9/16/2016 7:08
85956989808,3.56E+15,76072107191,11/17/2001 2:51,7/27/2016 21:34
98102918009,5.61E+15,40043108211,8/25/2015 5:22,8/6/2015 7:57
43932154403,6.05E+16,15091805804,11/21/2006 2:24,4/28/2015 22:43
11002481405,5.19E+15,5077306483,8/5/2003 7:03,8/4/2019 8:18
87380888000,3.49E+14,91024909776,11/6/2008 22:40,8/6/2020 1:24
76026351803,3.53E+15,25000307063,10/20/2000 12:05,3/12/2016 12:53
996120809,2.02E+14,84012203417,8/19/2015 21:04,2/5/2020 1:42
21116554202,4.04E+12,91095908961,1/16/2016 21:41,7/30/2016 8:03
81639572800,3.64E+13,27099409244,1/22/2014 19:46,12/7/2016 21:51
60548159200,3.57E+15,96053002450,3/5/2018 14:30,9/26/2020 9:14
52186116406,6.76E+16,16055201490,9/16/2001 2:35,10/11/2016 9:48
12287548700,5.11E+15,62073603213,8/3/2012 10:22,6/16/2016 13:57
4386081501,2.02E+14,47009103913,8/6/2013 16:49,11/12/2019 0:20
95217199900,4.90E+17,73028508040,5/26/2006 5:55,5/27/2015 12:08
54067177105,2.02E+14,3073409586,9/8/2016 18:37,8/16/2017 23:23
1180181509,4.51E+15,40027600427,6/14/2017 0:16,7/2/2016 12:47
58161953208,3.56E+15,99088400140,7/21/2006 7:55,7/14/2017 8:31
75188448805,5.04E+18,25072600374,9/6/2004 19:44,5/9/2017 21:17
70443674002,3.59E+15,24064406362,7/12/2012 19:59,2/26/2018 6:17
8296628407,4.91E+15,57048008093,8/23/2008 12:57,7/28/2020 2:09
79386908201,3.55E+15,50054701976,2/18/2012 17:34,12/24/2018 11:28
84390565901,5.60E+18,88099707086,4/12/2012 4:32,10/8/2015 12:04
25978733400,3.02E+13,20048404574,11/25/2018 6:57,2/21/2020 7:15
63894463801,2.02E+14,91049100179,10/10/2019 20:40,6/13/2020 0:30
44908703601,3.55E+15,95038302843,10/6/2013 3:18,7/6/2017 1:37
73121593200,3.55E+15,5038705230,10/18/2004 16:14,12/6/2015 8:42
97504525609,4.04E+15,56060906611,8/17/2018 10:18,8/12/2017 12:05
4881151008,5.60E+16,57020508700,11/30/2001 22:33,9/26/2020 4:19
72460786801,3.54E+15,31074301982,6/17/2018 22:52,10/6/2020 13:59
84082167204,5.10E+15,49014004630,7/26/2003 21:28,3/25/2018 23:25
84148628808,5.60E+15,54072808055,3/4/2008 13:33,3/4/2015 22:23
84263740304,3.54E+15,61033803195,12/31/2010 0:35,4/7/2020 19:09
32996509102,3.05E+13,96019700762,9/10/2015 5:35,2/16/2016 18:36
64446582804,5.57E+15,45054707229,6/28/2005 19:31,10/25/2020 3:16
27182847703,3.59E+15,52053107704,4/22/2005 8:18,7/19/2016 16:57
65299825802,5.58E+15,30098104358,4/1/2010 14:16,11/3/2018 7:49
32589041200,2.02E+14,8034202464,6/9/2019 19:12,9/19/2015 4:16
60096885508,5.02E+18,63036500838,3/4/2018 1:47,9/27/2019 19:47
41451889903,3.54E+15,80010500505,10/20/2017 12:01,11/9/2018 16:08
60232907709,3.03E+13,8096102469,7/25/2002 2:39,5/17/2016 7:28
4901999205,3.56E+15,5038604588,5/19/2005 10:03,9/25/2018 13:39
6973216507,3.54E+15,47049703489,11/14/2004 7:46,11/21/2018 11:31
55196553008,3.55E+15,17076706147,3/13/2009 11:50,6/13/2019 19:53
36291517600,4.18E+15,32046606464,7/9/2015 11:00,6/9/2016 3:23
46365612001,5.10E+15,7071300067,3/16/2008 4:20,5/14/2017 23:43
59743422302,3.58E+15,13021302829,10/14/2010 9:30,2/3/2016 13:23
22098137708,4.51E+15,46071409013,3/24/2017 15:24,8/2/2018 12:34
52123765506,6.71E+18,94044909977,10/10/2002 21:06,11/8/2017 10:38
75702714705,3.56E+15,8025107921,6/6/2015 10:43,4/4/2018 15:27
13679327805,5.02E+16,73046709011,5/9/2015 9:08,4/19/2017 7:41
69496682905,3.54E+15,60080709559,10/19/2008 9:39,6/1/2020 0:07
92112928509,3.55E+15,1068201350,2/11/2019 15:32,9/2/2020 8:47
1179489304,3.58E+15,69085209676,10/20/2010 20:58,7/29/2017 11:45
35670082903,3.55E+15,28036407002,11/24/2014 10:01,5/15/2017 4:13
3566250404,3.56E+15,80005804490,3/6/2016 8:58,4/25/2016 10:44
53718820703,3.56E+15,9046603504,4/4/2015 7:56,4/30/2016 3:30
24891401901,4.92E+15,36034100094,1/8/2004 2:17,3/4/2018 21:01
62611996102,3.53E+15,1036700321,7/5/2011 0:00,5/17/2018 5:31
46635974803,6.38E+15,45050009818,9/24/2019 15:06,8/23/2018 2:06
83231927802,3.54E+15,89088901617,2/26/2004 14:26,1/15/2021 23:37
69483042900,6.04E+17,24040806790,5/23/2012 17:02,10/22/2019 19:43
34844722403,3.59E+15,86021009270,11/23/2011 16:26,6/30/2019 12:59
95157940300,4.18E+15,68025706104,9/27/2012 8:10,4/28/2020 23:18
61320104509,3.53E+15,19073307070,3/1/2007 14:21,12/20/2018 14:01
84050092702,4.04E+15,67089806883,8/31/2006 15:34,1/30/2020 4:15
41683158600,6.71E+18,34096606830,1/29/2011 1:19,6/21/2020 6:06
77251947308,2.02E+14,88057205016,1/29/2012 19:28,8/20/2019 15:40
64317654109,5.11E+15,75050708707,2/14/2019 0:56,4/11/2018 0:34
75857072301,6.76E+18,79050405991,3/19/2001 6:56,8/21/2015 16:52
4553919004,3.74E+14,2006305629,3/8/2019 16:53,2/6/2017 19:01
44348199706,6.30E+15,79051300505,8/24/2017 21:28,11/7/2016 23:46
71866573504,5.60E+15,56027106939,2/9/2018 8:15,6/11/2017 2:32
41647897501,5.60E+15,85088901219,9/24/2013 17:33,4/9/2019 13:31
16103331306,4.04E+12,93099808311,12/19/2014 11:26,1/27/2015 6:41
45533982202,6.40E+15,21017808378,9/20/2005 22:35,1/1/2016 13:10
4330758300,5.04E+17,30037908603,7/15/2017 17:47,8/14/2016 6:43
87562245901,6.77E+15,35083707258,2/13/2005 9:51,3/27/2016 8:30
11856683605,5.61E+18,58079108325,4/30/2001 3:25,2/5/2017 11:57
67145302609,5.00E+15,29059305580,3/3/2013 2:36,12/24/2020 3:32
6962942900,3.58E+15,49050703317,6/1/2011 19:40,1/5/2016 13:48
70687541407,3.55E+15,94077209585,11/28/2001 17:58,11/7/2015 10:18
20302987600,6.71E+16,79025405489,5/14/2010 6:14,11/20/2020 4:31
6342821802,3.57E+15,3090002131,12/26/2006 11:42,8/23/2019 13:32
91635499300,3.72E+14,59018606134,4/5/2009 17:38,9/4/2015 20:54
84540045103,3.03E+13,18061405443,11/3/2004 2:13,10/15/2017 6:37
21881642209,3.05E+13,60045001241,2/2/2012 3:11,2/26/2018 15:29
24534896203,6.77E+15,99009405019,11/23/2005 6:45,10/13/2018 23:05
81214996900,5.89E+18,24065302979,12/9/2011 4:16,2/15/2017 22:09
5382856408,5.11E+15,60008403904,5/20/2006 2:53,6/29/2019 12:30
81925416409,3.53E+15,43058603733,2/5/2017 14:02,5/4/2017 10:43
27617009307,3.59E+15,37049604506,7/17/2009 1:42,10/9/2017 7:19
63321372704,3.55E+15,6042200458,3/6/2005 9:23,9/21/2019 9:12
37394942701,3.54E+15,35035603480,9/30/2014 5:08,1/17/2016 6:44
79185541901,3.59E+15,91062702381,1/29/2006 5:24,4/30/2020 18:01
60944665305,3.57E+15,82005304855,3/25/2017 1:23,4/24/2020 11:41
84105839401,4.90E+18,85076303003,1/15/2014 16:34,2/13/2016 0:55
43874001906,3.59E+15,95051706050,12/28/2000 17:57,5/22/2015 7:07
42889005202,5.51E+15,52050406458,4/15/2017 7:21,11/4/2019 6:11
98553586305,3.05E+13,56019203175,7/29/2000 10:22,3/27/2017 9:54
48693356809,6.71E+16,99401310,6/20/2001 13:39,8/21/2016 3:14
73392022000,3.58E+15,1058000961,1/13/2014 2:43,1/5/2018 11:51
29116988403,3.05E+13,51043900751,11/6/2016 22:12,7/24/2017 18:54
81000646306,4.41E+15,91096805047,11/10/2008 19:47,8/18/2020 9:31
39290606004,6.71E+16,57098108468,11/29/2011 4:51,4/1/2020 6:53
67196715700,5.60E+15,59039202922,2/7/2005 15:54,7/24/2018 16:40
23780735304,3.50E+14,49030706229,8/16/2014 8:10,2/25/2020 20:32
77467287900,3.53E+15,70000202185,5/8/2012 13:58,9/6/2019 12:36
42584803004,3.54E+15,77039406313,6/9/2002 8:22,11/14/2019 10:50
84895556506,5.61E+15,82010606491,5/28/2007 23:30,1/11/2016 20:40
85274320800,3.54E+15,39023908165,5/20/2003 11:47,8/29/2015 5:52
41947037400,2.02E+14,27038805672,1/27/2012 13:47,3/19/2017 2:46
88336030008,5.04E+16,90053506681,12/23/2014 23:09,11/3/2020 16:00
84735063302,3.55E+15,73050804608,11/27/2013 18:47,1/8/2019 18:29
48772721109,4.41E+15,23000402831,3/9/2019 10:02,3/2/2020 8:52
15223581100,6.71E+18,12086409535,1/6/2012 17:24,9/15/2020 20:02
30213064308,4.91E+15,62063102722,6/23/2011 21:37,6/4/2019 7:44
14916709509,3.54E+15,28003600215,5/9/2010 3:26,9/8/2017 5:15
2428478200,4.92E+15,49091209057,3/16/2003 3:11,12/27/2016 18:19
26137753207,6.71E+16,8036900581,8/18/2006 9:41,7/30/2020 23:51
64019867207,4.51E+15,86025509358,12/9/2005 5:24,2/24/2017 6:53
5722949909,4.90E+15,43035102575,12/21/2010 23:13,1/31/2016 8:30
74675591708,3.57E+15,1074506776,9/30/2002 16:27,2/18/2016 18:35
19184031701,3.56E+15,18043907636,6/23/2016 0:12,1/11/2019 17:32
63370972003,3.56E+15,99025307707,5/31/2007 19:53,9/22/2018 20:36
39100172900,3.57E+15,71078203265,2/8/2002 17:57,6/26/2018 15:47
51435651406,5.60E+15,5080602053,5/12/2014 7:54,8/29/2020 3:35
2902287600,3.54E+15,8023007209,8/28/2017 17:29,7/20/2020 20:00
87033918608,3.58E+15,56045109966,1/10/2004 15:09,3/31/2017 12:35
16674415508,3.53E+15,16044903695,10/6/2018 22:00,11/29/2016 4:49
41844466908,6.77E+18,23012106682,4/12/2012 15:39,10/6/2020 2:09
86012437406,3.58E+15,58048107549,7/30/2004 18:28,3/4/2018 16:32
46260611608,5.11E+15,55012001194,1/15/2017 6:46,9/27/2020 10:40
5597125209,6.39E+15,71025302611,2/10/2011 19:09,8/31/2016 19:09
5475549007,6.76E+15,53051207194,9/27/2017 13:09,10/30/2015 12:19
94530451208,3.63E+13,1097000803,12/10/2008 16:48,8/27/2017 7:16
823102700,4.91E+15,87007100114,10/28/2006 1:03,9/11/2020 5:28
54087170406,6.76E+15,49076809372,12/16/2013 22:25,7/13/2019 7:42
91940362902,3.53E+15,38038507125,10/7/2001 20:57,9/29/2018 3:27
49510950009,3.56E+15,71058300199,3/2/2011 0:24,5/29/2016 12:24
91255938101,3.55E+15,35044908154,12/27/2002 13:17,10/22/2015 20:56
21576872700,3.58E+15,17076902506,5/31/2014 17:27,6/11/2016 1:19
90176504708,3.53E+15,92098004230,2/15/2005 13:38,8/23/2019 10:29
39488725406,3.02E+13,45055905266,9/25/2000 9:24,10/20/2020 12:41
87978000704,4.84E+15,94051606808,2/25/2012 22:22,11/1/2017 14:08
61735433602,3.53E+15,86097405899,11/25/2013 20:44,10/6/2019 15:49
15725917605,6.76E+17,41077708963,6/10/2005 11:03,6/24/2016 21:23
15782893403,3.74E+14,49066203701,11/20/2002 23:02,2/27/2019 2:05
78347870309,3.75E+14,35064003162,11/5/2002 20:45,8/8/2015 8:04
49968735704,5.02E+17,86085806708,5/29/2000 2:26,3/29/2020 0:37
72098725105,6.04E+15,80084903120,1/16/2014 5:44,5/24/2017 6:21
47326100103,5.01E+15,8090904304,12/12/2011 8:48,6/15/2017 1:37
1914018406,3.48E+14,8035108531,7/2/2006 21:15,12/19/2015 19:49
25883843802,3.04E+13,31005807705,1/18/2011 15:18,10/16/2019 9:17
12657699606,3.57E+15,36052002121,3/10/2003 1:59,4/26/2018 17:25
92816619206,6.71E+18,99078508140,12/26/2004 12:27,11/11/2015 13:48
79626359607,5.39E+15,40045002467,3/1/2001 10:41,6/17/2015 15:46
1358159400,3.73E+14,74015402831,1/25/2015 4:36,12/27/2018 8:34
62850660806,3.55E+15,73099201741,8/3/2001 9:11,7/4/2018 9:39
45455450500,3.55E+15,24079906051,1/11/2016 17:10,6/27/2015 21:27
69893920601,6.33E+18,48069308364,4/27/2014 4:20,7/6/2016 0:21
8709403500,3.59E+15,96028903860,11/18/2017 20:27,9/17/2017 14:43
58515815006,3.55E+15,15009508837,2/14/2016 7:20,10/19/2015 16:27
19807640108,6.76E+16,73066102094,9/28/2017 6:32,2/5/2016 8:43
33862381801,3.56E+15,20033400706,3/10/2015 13:51,9/29/2015 10:12
85319261300,5.60E+15,85081908530,4/29/2013 11:56,5/8/2017 8:48
81504040900,5.61E+15,65062903452,8/31/2003 19:36,1/10/2016 9:00
98265442201,5.60E+15,10064705456,12/4/2016 5:53,5/6/2017 20:17
98674530000,3.56E+15,94003801674,6/29/2005 16:07,12/24/2019 19:20
88903955008,6.05E+14,41051102170,11/27/2009 9:07,1/28/2016 3:12
8010220405,5.60E+16,57002303609,1/5/2005 2:38,4/16/2018 8:53
37895237407,3.58E+15,25010108622,9/9/2015 5:50,1/11/2020 16:21
19057989700,3.53E+15,58066901426,3/11/2017 19:07,5/15/2015 16:07
42465299704,5.60E+15,53015607343,4/2/2019 16:12,11/7/2020 9:30
40759551608,3.55E+15,27045100156,5/13/2007 10:15,2/6/2015 9:23
19627752607,3.56E+15,82034305509,1/29/2014 12:16,4/5/2020 22:39
26635477305,4.02E+15,7034907826,8/31/2003 19:22,3/7/2016 6:04
67699568002,3.58E+15,25016406692,5/1/2015 13:07,7/17/2019 23:47
48532800104,3.58E+15,23000106565,11/21/2002 16:53,12/4/2017 8:21
99491967502,5.64E+18,91074402993,7/25/2001 1:41,1/24/2016 6:52
82367663300,3.54E+15,5079708426,4/10/2011 2:27,8/11/2019 17:12
95179025006,2.01E+14,55046502399,7/25/2013 4:34,3/27/2020 8:11
59045357400,6.30E+17,65077607916,12/14/2015 3:42,2/7/2016 18:42
6686519308,3.74E+14,92089109161,9/8/2009 7:15,3/17/2017 5:38
41411762507,4.91E+15,20003908572,12/16/2004 0:58,12/26/2016 16:21
24392111107,3.54E+15,75013308979,12/23/2011 12:38,12/24/2016 13:14
10758102300,3.53E+15,91079009861,7/16/2001 21:01,10/8/2018 19:22
94240069304,3.59E+15,98023704474,3/20/2007 16:04,4/22/2019 14:27
66565009600,3.54E+15,49028905022,7/8/2001 23:53,1/6/2019 1:47
29670593400,3.59E+15,55083908146,11/7/2010 20:37,1/20/2018 16:55
50067089800,6.39E+15,89056702803,2/28/2014 16:08,12/3/2017 4:39
97627744108,6.30E+16,8006009542,4/15/2003 15:51,8/27/2019 23:12
40119407200,4.03E+15,53046701804,8/18/2010 6:43,2/26/2020 10:16
75267110704,6.77E+15,67014808416,7/15/2007 4:20,7/10/2016 1:20
94000220500,6.33E+18,91056501713,1/13/2011 9:12,1/17/2018 1:41
98211047003,3.53E+15,4059100064,9/19/2016 18:56,3/8/2020 12:43
21745617904,4.04E+12,88014507781,11/8/2003 22:35,10/25/2016 23:51
93069215708,5.01E+15,57036500240,6/19/2002 4:46,3/29/2016 23:57
61184205506,3.58E+15,26065004334,10/24/2019 19:08,12/4/2020 15:49
26830583703,5.38E+15,38073801141,10/5/2002 21:02,1/22/2015 7:36
17250337309,3.56E+15,69081003316,4/23/2009 23:25,4/29/2016 23:59
85540876105,5.60E+17,31038601990,9/5/2000 19:53,2/4/2020 23:54
87045807209,4.84E+15,16049504283,3/29/2018 0:25,5/9/2020 18:28
37054523200,5.64E+15,44043208958,6/17/2006 2:58,8/21/2016 17:09
54557469905,5.61E+18,70068501725,4/7/2017 3:50,12/3/2015 20:23
63019784800,3.06E+13,66082902304,12/11/2007 1:10,1/13/2016 23:40
14292540009,3.55E+15,55094507694,6/15/2016 20:50,5/25/2017 11:42
39095640003,3.55E+15,28002608707,4/3/2013 13:51,8/3/2017 10:18
4125019002,5.60E+17,33054503391,3/12/2006 12:56,5/6/2020 21:39
74156378100,5.32E+15,38023803716,1/12/2015 0:31,2/18/2020 12:29
76007919403,2.02E+14,25046000705,11/17/2017 10:10,8/22/2019 13:02
47026899705,3.04E+13,68050105463,5/26/2014 23:47,2/27/2018 15:16
25592732500,3.57E+15,20008100961,2/23/2001 14:37,2/1/2018 23:36
86688871605,5.01E+15,42061205617,8/1/2012 5:32,7/18/2018 18:58
62490089609,5.37E+15,26051006229,1/18/2001 10:32,2/6/2017 6:51
36043324806,2.02E+14,27044304606,1/3/2018 16:41,7/19/2015 20:25
81715048303,5.60E+18,54099702798,2/18/2007 16:14,9/8/2015 12:12
739642004,3.59E+15,88007509160,7/8/2007 4:38,3/25/2016 10:27
96945059205,3.54E+15,9067207313,7/30/2007 18:51,2/13/2016 22:30
43411687308,3.58E+15,38020705729,6/30/2007 22:15,5/13/2019 14:28
24335967108,4.02E+12,76035007859,8/27/2015 23:14,3/7/2019 6:41
16830222504,3.57E+15,99044906096,8/28/2015 4:57,10/12/2016 18:22
55582711204,6.33E+18,6027508963,12/8/2005 1:32,5/18/2018 21:25
79599821004,3.58E+15,42041702341,6/29/2001 6:32,7/5/2019 23:22
96486678700,3.57E+15,22075900483,9/24/2007 5:26,9/9/2019 3:25
6603187303,5.53E+15,99077502588,7/18/2019 16:14,12/13/2020 2:39
41347188201,6.33E+15,57080703073,7/5/2015 0:18,3/4/2017 1:12
76313342108,3.38E+14,53037803057,2/3/2008 2:43,6/3/2018 4:35
94503250605,5.55E+15,59005206049,7/27/2008 9:45,1/6/2017 16:56
77615730805,3.56E+15,98041708852,1/31/2005 5:04,1/15/2017 12:04
11634727000,3.59E+15,28055806507,9/12/2003 9:21,5/25/2020 19:13
73081488400,3.71E+14,9003806968,12/13/2003 3:20,5/21/2019 21:04
91876150002,3.58E+15,23028502953,12/12/2003 18:45,6/18/2016 19:42
93938299903,3.54E+15,43082901458,4/19/2010 23:35,9/27/2017 3:15
2336808307,4.51E+15,37002608101,12/28/2015 0:31,3/25/2018 22:32
37208671601,3.05E+13,78063205512,6/4/2012 13:32,7/10/2015 5:25
18302792504,2.02E+14,18026103318,3/17/2004 10:17,1/2/2016 9:41
47074650103,3.59E+15,27064406894,8/7/2016 16:15,8/4/2020 20:42
38763486009,5.05E+15,73070701800,1/24/2005 14:03,3/12/2019 19:05
81262376600,4.03E+15,38072100885,9/27/2013 3:26,3/26/2015 20:01
95132243401,5.29E+15,73059803378,1/21/2013 19:12,4/3/2017 2:19
74879086900,5.05E+15,43085409411,5/28/2001 20:08,2/28/2016 2:10
97577317900,2.02E+14,92010201379,8/20/2012 6:07,4/10/2019 18:34
18497839402,3.56E+15,38016904021,11/30/2009 8:50,12/8/2016 4:12
15140379908,5.04E+17,57056201532,7/30/2000 17:44,5/27/2016 9:55
42686786308,6.76E+17,83062000421,9/18/2018 9:53,2/9/2017 2:57
21220624807,3.57E+15,46027703133,4/23/2011 7:57,9/10/2016 13:26
23341959404,3.53E+15,67035002215,4/2/2011 21:59,7/5/2017 17:52
41076678309,3.56E+15,29056609053,6/29/2008 21:11,5/11/2020 6:28
62951246508,6.76E+15,31082607680,9/7/2000 11:58,10/12/2016 2:38
77251493009,5.05E+15,61019304232,3/2/2017 4:53,7/29/2020 7:57
46392075703,3.59E+15,3012509582,1/17/2013 12:09,5/9/2018 13:31
51051876208,3.55E+15,97074201651,7/5/2002 18:44,8/3/2019 23:49
86537580809,6.77E+16,63039101614,5/13/2006 3:14,3/17/2020 0:26
9533009806,3.57E+15,19063509643,2/27/2014 17:40,8/21/2020 19:12
49587870504,3.54E+15,67054009398,8/29/2016 13:12,4/2/2015 7:05
23520180103,3.58E+15,29012702760,4/25/2004 6:41,5/16/2020 12:11
23135568106,4.92E+15,24076904672,1/8/2018 17:34,8/20/2017 16:51
56151571708,6.76E+18,21066706417,11/28/2019 6:26,6/29/2017 12:09
43763769300,5.10E+15,28055708382,4/23/2003 23:00,6/29/2018 12:53
64901715602,3.59E+15,26016909610,3/27/2014 1:56,8/12/2020 17:15
6162348201,5.61E+16,7084202071,4/6/2014 17:32,5/30/2015 6:56
84835073203,3.56E+15,19049900334,11/16/2005 17:39,5/31/2015 16:41
30743249601,5.64E+17,99053409330,7/14/2013 2:42,7/6/2020 22:04
37001013902,3.57E+15,20069401499,6/20/2018 7:42,8/12/2019 2:55
62348884503,3.59E+15,94048506079,12/24/2006 19:40,2/22/2017 18:55
7282211001,6.76E+17,52018100366,3/4/2001 11:43,1/8/2021 16:23
18011892304,4.04E+12,15063705543,11/24/2009 20:19,2/11/2016 20:28
83050190200,6.76E+18,61082109756,11/19/2017 13:06,10/7/2019 18:19
20985267608,3.56E+15,96005409710,7/22/2018 5:58,11/20/2020 8:53
89129790305,3.58E+15,34059802372,2/12/2017 5:20,11/20/2018 18:21
61649625404,5.10E+15,72050404103,5/24/2009 21:50,8/11/2018 2:23
80128781806,2.01E+14,34065300070,1/19/2019 12:06,7/8/2020 16:23
44211515702,4.91E+15,96084501719,5/4/2000 3:34,3/26/2015 23:00
12065056702,4.04E+12,55002102020,6/26/2013 14:42,1/28/2020 15:34
42756556506,3.54E+15,65083603615,5/28/2017 8:39,5/31/2019 20:41
30870194503,3.55E+15,45079604611,3/25/2011 8:37,10/28/2019 15:19
54102241509,3.53E+15,61091406286,3/31/2003 7:15,11/5/2019 18:00
3907832609,3.55E+15,11001207448,3/10/2002 5:24,10/20/2015 12:28
46445274509,3.57E+15,81051106097,5/3/2010 14:28,3/26/2018 20:38
80654957307,3.38E+14,91059004770,5/14/2006 6:25,11/20/2018 14:35
90307148400,3.58E+15,31023109609,2/9/2013 3:36,11/17/2016 19:17
27999544909,5.00E+15,57046701197,11/14/2009 11:18,11/13/2017 0:59
99832369802,3.54E+15,22099302547,10/2/2014 3:38,7/12/2016 12:46
84970217101,2.02E+14,27010600187,8/15/2002 12:51,9/7/2017 23:08
43751430307,5.61E+15,90011200678,3/22/2008 17:19,8/16/2016 20:28
89342322500,5.45E+15,52002202013,3/10/2003 1:42,7/18/2017 13:23
64732078408,6.33E+17,17021507192,6/16/2017 16:11,5/7/2019 11:22
69381476309,5.60E+16,72017003562,9/4/2004 12:57,8/21/2015 3:14
78651296700,5.60E+18,12057500375,3/2/2009 12:37,12/18/2015 9:06
53075126403,5.23E+15,14004607879,12/2/2006 11:45,11/9/2015 14:56
37653289100,3.55E+15,5019701408,1/4/2006 6:47,2/5/2019 2:05
74668886508,3.46E+14,22054102330,11/1/2004 11:31,8/16/2020 10:40
19729061708,4.90E+17,60069802089,1/4/2010 5:29,7/8/2016 10:14
12217409003,3.54E+15,82004406367,6/2/2008 10:51,1/30/2017 13:05
44296708504,3.56E+15,63087807880,8/22/2009 4:40,10/20/2018 1:56
46614125400,3.56E+15,17060909175,2/7/2001 23:13,7/4/2017 21:59
53462170002,4.94E+18,36058801571,1/2/2017 16:20,10/12/2017 20:07
3589115400,3.57E+15,97013405058,1/28/2014 9:31,7/3/2015 15:10
77203223200,3.72E+14,3093405650,5/29/2001 7:21,2/22/2016 17:22
47700323301,3.55E+15,64085902056,8/26/2013 15:34,10/29/2018 20:15
29295140904,3.56E+15,29014900902,11/8/2009 16:59,11/6/2015 19:30
86616156508,6.76E+16,3000100945,11/3/2002 6:08,7/17/2016 4:04
7184720800,3.57E+15,9056109081,5/2/2001 8:12,12/26/2020 19:22
25805173509,5.02E+18,70039901475,5/14/2018 5:53,9/28/2016 10:20
28873220709,6.38E+15,65028402390,10/20/2010 12:05,9/19/2018 19:50
78726938208,5.00E+15,7011302540,7/30/2010 1:22,8/14/2019 2:54
58324031304,3.44E+14,59024802619,12/4/2017 2:38,3/16/2018 4:54
22122377900,3.59E+15,5047806038,8/4/2016 13:49,11/23/2016 0:04
35064420203,5.01E+15,89038502821,6/25/2002 8:27,10/30/2018 23:53
97667231608,3.54E+15,12057408320,12/29/2013 12:09,12/22/2019 16:31
73540027200,6.77E+16,85076304743,9/8/2010 18:19,5/21/2018 2:31
29105144200,3.57E+15,10056509219,10/3/2017 11:09,10/22/2020 23:42
26478555807,4.02E+15,66038505307,7/5/2011 2:43,12/29/2019 23:19
39439022402,3.53E+15,82013700146,6/9/2001 21:14,12/30/2016 4:48
6623798209,5.02E+18,22094202012,12/7/2004 16:11,4/14/2020 3:20
49740324209,3.75E+14,88081902951,5/1/2005 6:04,5/29/2017 20:50
33532737000,5.60E+16,78090701690,1/26/2016 16:11,12/31/2017 0:47
93598951702,3.54E+15,86073102501,10/7/2012 21:23,9/10/2020 5:17
81055988608,5.60E+15,4038104744,6/30/2005 17:25,1/16/2021 11:34
50580430902,6.76E+18,93027001587,2/28/2006 19:44,3/7/2017 4:38
96151533602,3.54E+15,86098500792,11/24/2019 11:21,12/8/2017 4:19
62957037505,3.74E+14,96026301622,4/21/2006 10:13,5/10/2015 6:24
3949455801,6.40E+15,82034200227,5/3/2015 0:23,11/23/2018 11:10
9007558900,4.91E+15,94039109808,5/24/2000 10:44,3/7/2015 0:35
17492843509,3.53E+15,78004300786,4/17/2001 16:18,11/30/2019 13:55
88994734505,3.01E+13,77001102110,5/15/2015 17:40,4/12/2019 11:21
16139300907,3.57E+15,38031404791,2/28/2008 5:00,3/28/2018 14:14
93042799205,3.54E+15,18048807961,1/31/2008 17:49,12/22/2016 22:34
59392898000,3.06E+13,23046403620,4/13/2018 19:26,6/8/2018 18:48
11367215303,3.54E+15,81077606434,4/1/2006 1:03,1/31/2019 15:24
85079726901,5.60E+15,91021301463,8/21/2016 14:51,8/11/2019 19:02
67739425600,3.55E+15,14095102378,12/14/2015 5:27,5/12/2019 18:24
82543663202,5.60E+15,24016100432,7/31/2008 17:16,6/19/2015 9:01
38326428700,3.56E+15,2081804541,11/16/2019 4:08,3/4/2020 10:57
38212320408,5.00E+15,20095308247,9/22/2015 6:27,6/5/2016 7:07
77817900006,3.55E+15,11093507515,8/2/2008 14:28,6/24/2019 3:39
21471215804,3.56E+15,12024600023,5/25/2011 9:08,1/1/2021 0:39
91604774508,4.84E+15,85058400798,3/20/2004 13:19,7/27/2019 20:29
72353325300,6.33E+17,37080908038,10/29/2011 23:18,4/19/2019 21:47
23838421303,3.55E+15,85026408969,6/14/2001 14:28,2/7/2020 12:27
12698978808,3.55E+15,98076002725,9/25/2011 14:37,1/23/2016 4:11
15053313508,4.91E+15,63054803442,1/21/2000 9:25,10/16/2018 4:50
41954221106,3.53E+15,53048903828,7/3/2002 22:10,1/31/2020 19:08
47810624105,3.54E+15,11005601266,9/22/2005 22:09,5/2/2015 0:11
17950607109,5.02E+18,3013300964,7/4/2005 9:51,7/21/2020 16:16
42184570108,4.04E+12,52040403515,5/16/2017 13:46,5/7/2019 10:13
55216137006,5.61E+15,45042104806,1/9/2004 21:11,10/10/2016 4:10
84125661900,6.30E+18,10036909362,9/21/2003 21:38,12/13/2020 12:41
11739244206,5.35E+15,93018802968,7/16/2011 20:23,6/14/2018 2:24
83359178902,5.01E+15,22089606611,2/7/2014 23:34,7/7/2020 2:34
84360428803,6.30E+16,53091607919,12/19/2000 9:56,3/6/2019 4:45
90711727400,6.77E+18,46042104051,11/13/2009 21:10,3/4/2020 11:51
86184576908,3.75E+14,52082402475,7/8/2015 18:25,9/29/2015 5:04
21334752801,5.60E+17,65049400987,1/24/2016 18:52,8/9/2015 12:07
49057039300,3.38E+14,29000108888,1/5/2017 15:19,11/16/2017 14:40
2806550307,6.76E+15,57010701023,1/13/2016 23:37,8/30/2017 2:17
94522564000,5.02E+16,68034505910,1/17/2010 14:42,2/21/2020 8:30
42901683405,2.02E+14,86065004496,2/12/2004 7:47,1/4/2016 14:58
64563844207,3.04E+13,83017904699,10/5/2005 10:40,3/8/2019 3:23
92925316504,4.41E+15,56094702256,11/21/2008 14:11,3/11/2017 8:31
98702635500,4.51E+15,76052508934,8/17/2003 13:20,3/13/2019 7:31
55798984709,5.59E+15,92607810,1/24/2001 15:53,5/10/2020 11:29
63798508702,3.53E+15,46097302049,7/4/2019 1:33,3/12/2020 11:42
66136056602,5.22E+15,18002401471,1/16/2003 21:53,1/6/2019 21:25
75260881005,6.30E+15,55013209003,7/4/2006 11:02,3/9/2019 12:16
8178640607,3.57E+15,2052304987,11/3/2015 8:42,3/5/2019 3:09
78454387007,3.54E+15,67044205507,4/30/2002 2:02,10/5/2015 14:27
21646125301,3.54E+15,38089902310,5/29/2008 16:15,12/29/2018 22:34
5909109409,3.75E+14,8090808371,5/14/2018 22:36,2/18/2017 19:56
59411872809,5.60E+15,19012300971,6/1/2000 18:19,2/24/2015 20:25
65878918601,3.38E+14,68030704133,1/10/2012 4:42,6/22/2019 1:20
55880450706,3.56E+15,4086403647,5/7/2017 13:03,5/1/2020 7:03
51080075704,3.55E+15,37075802222,5/7/2013 12:41,12/6/2019 19:55
25065122608,3.58E+15,66083901058,8/11/2009 2:28,6/22/2020 6:25
93667365800,4.91E+18,46034209376,12/5/2012 11:43,5/10/2015 1:15
60645550804,6.38E+15,20081907287,11/19/2006 22:42,7/3/2017 1:23
39095026306,3.53E+15,26051303578,11/21/2008 14:11,6/9/2019 22:46
