PHONE_ID,COUNTRY_CALLING_NUMBER,PHONE_NUMBER,PHONE_TYPE_CODE,PHONE_STATUS_CODE,EXTENSION_NUMBER,VALIDATION_STATUS_CODE,ROW_CREATED_TIMESTAMP,ROW_UPDATED_TIMESTAMP
92083802997,7,6284069469,304,24,3663,410,11/1/2019 13:30,3/12/2019 7:47
77068408930,7,3781538061,307,42,10,416,1/14/2011 14:37,1/29/2015 22:03
16074806531,7,3265166914,304,47,9,409,10/5/2013 4:05,2/27/2013 20:54
2070103086,7,1686779986,320,23,2,417,1/18/2004 3:03,6/1/2015 14:32
98015807886,7,2251659440,312,17,3663,413,11/29/2017 2:28,9/27/2012 22:29
24020306299,7,9412527976,311,47,10,418,1/12/2011 21:49,10/4/2005 16:35
55091404736,7,7448308245,317,28,27700,403,6/10/2005 9:49,10/17/2013 2:09
3093402815,7,7033160603,312,44,2100,405,1/4/2003 22:17,5/11/2011 21:23
49048908074,7,4149552540,307,32,153,406,4/26/2005 15:09,2/10/2016 13:20
35067209676,7,3376215673,311,44,64,401,10/2/2000 0:14,12/19/2008 3:06
68027902185,7,6544423716,304,44,8669,402,6/5/2012 18:42,12/14/2008 6:33
5065703244,7,6439890515,302,22,64,409,12/20/2001 13:51,5/22/2017 21:30
46061108128,7,8366212996,313,48,521,416,9/20/2009 19:02,10/28/2017 14:13
89096305969,7,1492704296,306,42,641,405,12/9/2002 11:53,1/19/2008 12:27
51078507917,7,5528868156,314,31,874,408,3/2/2005 18:39,5/26/2001 6:41
8085003304,7,7674570938,300,15,153,419,12/29/2016 20:51,2/2/2003 10:17
51085309101,7,6527728852,311,27,27700,412,8/29/2012 20:29,12/30/2012 18:05
52007404731,7,2365072319,314,38,2000,400,1/14/2010 18:44,2/13/2008 6:35
78006307120,7,1464845086,300,25,745,410,2/17/2005 0:13,10/15/2000 21:49
55019703894,7,7141204929,303,39,621,415,5/24/2013 23:26,11/4/2012 6:01
9000205643,7,3058888603,303,46,359,401,7/9/2019 13:37,1/18/2002 10:38
48030706900,7,2484216415,300,25,32,404,10/27/2015 19:02,10/29/2016 9:03
42022509150,7,2379979614,318,27,3998,414,9/28/2016 22:18,4/20/2016 21:23
7068301407,7,6636387577,307,31,745,404,4/8/2006 13:12,8/23/2010 9:54
47093908993,7,1121370695,303,38,521,419,6/16/2002 17:10,3/22/2007 11:01
83004008668,7,8376828799,305,25,621,403,10/23/2016 12:28,4/30/2003 17:48
11042206058,7,8581196794,320,36,965,418,3/14/2000 5:23,7/28/2008 9:11
49004508687,7,3731962716,320,39,3000,401,7/28/2015 13:28,2/13/2007 13:35
15035503405,7,2587186639,307,31,187,401,1/23/2012 23:34,4/4/2006 5:59
86010008505,7,9592682328,319,16,70,417,1/9/2018 13:58,1/26/2016 15:52
31099906029,7,3217949298,320,23,70,418,3/23/2004 19:58,8/26/2004 7:42
19066900040,7,3316699900,300,30,4000,401,10/2/2013 2:28,2/12/2002 4:31
75032000159,7,3921224969,300,40,3000,402,3/16/2002 9:45,3/8/2008 12:46
22007709868,7,6582037968,307,18,9954,409,6/16/2003 4:48,1/6/2005 22:54
55034202029,7,9824074174,313,31,5220,412,1/3/2005 23:44,1/14/2021 17:02
65055004073,7,8375437637,313,25,6885,405,3/9/2008 12:14,3/31/2000 1:13
19070700459,7,2775318340,318,19,187,412,10/11/2013 9:28,1/18/2016 20:44
39091506021,7,6174861269,304,25,3998,415,12/3/2018 7:18,11/26/2018 20:31
84049300238,7,4297265836,312,26,3552,416,10/26/2011 10:29,6/21/2008 21:35
25085904075,7,5504675267,304,48,874,411,10/20/2001 20:43,7/5/2004 0:15
67084104981,7,7748558412,308,23,2114,412,6/6/2017 14:26,5/27/2018 13:54
73037703197,7,3239888650,316,19,6885,403,4/18/2015 17:05,12/26/2005 10:09
77010605027,7,1451328471,312,32,187,402,11/17/2001 15:12,4/13/2019 21:54
27012106876,7,8301086719,312,35,467,407,9/13/2007 14:28,12/9/2015 4:46
40027306313,7,5403083918,313,38,187,418,5/5/2015 2:12,11/8/2001 8:05
70064303527,7,1393348907,302,48,8000,406,1/27/2010 16:09,1/12/2013 11:37
58044404851,7,9398217405,320,18,603,418,3/1/2019 0:20,4/14/2002 23:36
20026308940,7,7723107883,316,15,852,400,9/15/2002 21:24,6/30/2002 23:07
83030900480,7,1875933804,306,37,153,417,7/20/2015 20:38,11/19/2003 4:56
78000705858,7,6743284816,308,32,425,418,8/3/2002 3:00,12/3/2003 20:26
34067708306,7,2246084317,302,42,153,419,12/19/2013 16:06,4/16/2003 0:47
65018900671,7,6302146944,315,18,745,400,11/9/2003 12:49,5/27/2017 19:32
89071608101,7,5609704030,306,37,502,413,7/15/2018 19:32,7/29/2017 0:42
27067902572,7,8474397037,310,43,6524,416,9/21/2017 11:13,9/26/2007 16:49
36034803011,7,7532635603,302,42,920,412,10/27/2012 16:20,9/28/2004 0:03
77014902652,7,5605437574,304,22,8669,402,1/8/2005 9:16,3/20/2017 6:12
90078602766,7,4029501630,313,38,153,404,5/15/2016 15:57,12/25/2004 2:44
18043205621,7,1079414840,309,23,64,402,1/11/2004 3:02,12/27/2015 7:27
90082007684,7,9551958401,316,35,154,418,7/15/2009 18:01,12/16/2019 22:30
86024902504,7,2771657536,319,41,9954,418,1/18/2002 11:37,8/21/2018 17:36
96009502261,7,8584127449,310,20,2100,401,4/4/2005 14:48,1/15/2002 17:32
10083008540,7,9754140869,315,37,1524,418,7/7/2018 17:07,10/15/2020 11:38
77005208333,7,5812607684,317,26,40,409,10/28/2012 12:33,12/31/2008 9:35
67023008243,7,5013449605,309,21,9,410,3/27/2010 23:11,8/13/2002 21:45
59083605085,7,3326110626,316,34,6885,405,9/22/2001 5:03,12/21/2006 14:37
39052107260,7,2188726510,319,21,502,404,8/23/2014 14:30,5/20/2004 14:05
73081600344,7,7816600994,302,26,56,413,3/15/2007 0:09,7/12/2020 23:24
41014109347,7,4949784493,315,35,552,419,3/22/2009 1:25,2/23/2018 20:30
38098402528,7,2303557598,303,33,910,403,12/30/2014 12:52,4/26/2004 17:41
51042604222,7,3994542822,311,39,10,408,8/22/2009 19:58,7/2/2010 17:45
39028500883,7,3909893069,305,36,3998,418,9/25/2010 6:01,1/21/2014 0:37
28083607057,7,9014997340,305,32,425,420,11/23/2009 8:47,2/2/2005 14:27
20065305958,7,3702753045,311,31,7485,413,5/21/2002 7:11,11/20/2007 15:20
74003004122,7,6247357021,305,20,3998,412,5/10/2019 17:49,2/19/2002 0:26
59051007422,7,6185119943,309,23,192,417,5/3/2014 2:45,9/27/2006 6:38
44088109494,7,7217406813,310,23,1524,400,12/14/2014 21:12,2/16/2013 12:48
86033203407,7,4523471470,306,32,40,410,7/23/2017 14:34,6/2/2018 18:05
41018202957,7,1373750728,319,34,56,401,6/10/2010 21:36,5/16/2006 21:00
36087902740,7,1664765714,310,44,8447,405,2/15/2002 19:41,8/24/2006 18:00
88004206054,7,9025754276,314,41,969,418,4/30/2000 14:13,2/2/2003 15:31
31028904908,7,9366580818,318,46,1445,405,2/17/2019 14:26,8/11/2020 18:41
26097703452,7,4832974971,313,46,852,400,2/24/2016 19:30,9/9/2014 21:41
88050209204,7,5426615783,314,30,32,413,4/6/2001 5:23,8/2/2019 16:25
73096303532,7,5547570240,301,37,100,418,5/14/2013 22:20,9/18/2001 19:11
11000605708,7,2106000655,311,42,154,412,10/6/2006 23:04,10/11/2020 11:34
99092600341,7,4562790241,309,45,2114,405,4/15/2004 0:50,11/7/2005 3:10
15051307188,7,4714657845,305,38,502,415,11/6/2005 12:06,12/16/2008 10:17
87020709642,7,3598087000,308,21,5667,415,10/11/2005 12:53,5/31/2015 6:53
74089905343,7,5934411655,311,32,603,414,5/26/2017 11:10,5/16/2017 22:44
90070601179,7,2271588726,304,15,8,401,1/22/2018 5:43,11/7/2007 7:28
67064807022,7,2623854730,313,38,443,400,6/27/2013 5:20,7/26/2015 20:00
62027909974,7,8403638911,319,44,745,409,6/6/2001 2:35,3/17/2014 20:46
80066002775,7,7718908210,302,45,9,407,4/9/2003 4:58,12/30/2002 15:03
74029008580,7,7406676733,304,44,2114,416,12/16/2002 17:32,7/2/2002 14:15
52051502147,7,3807174724,305,35,502,410,2/28/2011 6:04,1/15/2020 2:44
89049003743,7,9149038125,300,47,9954,402,3/3/2005 12:33,4/21/2011 1:05
21053509243,7,3751969623,301,31,3000,412,10/11/2011 3:06,8/27/2004 14:24
48075709173,7,5457403121,309,46,2100,404,3/26/2003 15:01,7/27/2017 5:04
19091308218,7,4175753977,313,48,467,409,4/12/2015 10:29,11/10/2019 10:38
30088800712,7,1827875447,318,26,5667,404,3/17/2018 12:36,12/14/2009 0:18
58006905083,7,1344008510,305,44,8,414,9/14/2005 5:40,12/5/2004 15:22
36020402375,7,2947618272,317,30,965,401,7/2/2011 15:48,5/7/2007 4:50
61022907374,7,2217849474,313,46,425,405,12/29/2008 18:16,3/6/2017 2:12
35060904071,7,1821256377,317,30,1524,400,2/22/2009 17:41,11/25/2005 1:46
34031504887,7,6552214948,307,27,2000,402,10/21/2001 2:54,12/4/2015 2:45
69065004759,7,1638118776,307,26,969,412,2/1/2005 13:21,11/1/2010 5:20
46050009352,7,8224042200,304,20,56,420,5/9/2000 11:14,2/14/2007 3:09
70096406951,7,7711609860,312,36,154,417,2/17/2004 9:40,10/18/2001 16:48
49073408285,7,4366954403,311,38,348,408,3/19/2005 14:46,2/6/2002 6:46
44059309547,7,5429611316,313,17,4100,416,12/6/2007 3:22,5/22/2005 9:58
7029800124,7,6728074676,311,28,10,415,7/9/2019 21:08,11/15/2017 18:27
31020809424,7,4403971463,316,21,965,406,1/25/2000 13:52,1/9/2003 23:55
19053406952,7,3213481196,312,28,852,400,4/20/2004 1:44,11/20/2002 18:41
78033708769,7,3583788228,308,37,9000,415,2/10/2000 11:53,12/13/2002 10:28
1053106497,7,7735257271,319,40,603,419,12/21/2011 5:47,12/26/2006 1:01
35001707610,7,3113410962,317,29,70,416,1/10/2015 1:52,1/9/2009 12:31
33060907207,7,7992904455,308,21,641,409,4/7/2004 17:13,3/3/2011 14:48
41011309837,7,3009179878,310,32,100,417,6/8/2013 6:00,10/11/2009 1:22
27099608086,7,6739138475,308,35,4100,400,7/18/2016 8:15,10/22/2006 6:25
55037607196,7,5719822068,315,40,32,411,11/17/2006 9:42,9/12/2020 14:35
34050801798,7,2623661978,314,24,8527,412,2/25/2006 14:03,6/16/2016 9:11
98054202291,7,4232387269,319,27,621,418,11/22/2003 14:15,9/11/2007 1:47
18012901754,7,9782945223,304,29,8527,406,6/23/2003 4:36,10/19/2016 22:56
55032708904,7,7951166783,314,48,2000,414,5/13/2008 5:20,12/22/2004 15:50
74026008346,7,6818981920,319,20,2114,404,5/8/2008 0:59,2/15/2011 5:47
72072401574,7,7124584940,309,32,443,401,12/9/2018 19:56,8/26/2001 9:50
56030705931,7,4158807365,303,16,86,404,1/28/2001 19:56,4/6/2018 8:53
21044707241,7,4297793871,303,44,359,411,10/12/2001 13:37,3/3/2013 7:39
13006907864,7,9211056265,300,26,603,419,3/23/2013 11:52,10/20/2015 16:06
89077402222,7,3064723548,313,25,7485,404,8/25/2014 1:26,8/3/2003 7:27
13050708871,7,6916509359,300,38,965,400,1/4/2016 22:34,10/13/2008 5:17
87028708694,7,4217585371,319,21,621,403,7/23/2012 16:56,6/1/2006 19:17
6060100132,7,3634843879,308,36,359,418,5/28/2012 12:14,6/17/2014 5:21
34096202997,7,1785106063,308,42,3552,405,7/15/2002 22:48,9/7/2004 8:12
57070402432,7,9481977991,301,35,7485,401,7/8/2010 20:57,10/24/2019 1:00
96028400135,7,4218178407,319,17,32,412,12/7/2008 17:07,2/27/2018 5:40
11013101699,7,1648782910,300,15,443,408,2/7/2005 16:50,10/14/2012 6:32
13025806297,7,8109745835,306,32,3998,406,6/22/2012 17:39,12/13/2006 14:48
52079705727,7,4785675040,302,39,4000,415,11/7/2002 9:47,4/10/2019 17:41
75078702882,7,8219243284,309,19,920,401,6/16/2012 8:45,6/7/2007 6:14
78090109867,7,6642871915,315,38,3552,407,11/19/2017 20:59,9/8/2005 22:09
26094205530,7,2004314321,309,34,7000,408,2/22/2019 15:30,8/9/2017 19:05
16004105159,7,9471264372,302,34,64,418,12/17/2004 9:49,5/28/2020 10:34
43051809951,7,1189544163,311,19,7485,415,12/29/2011 11:02,9/12/2020 21:53
71097902438,7,8038169292,305,46,32,416,9/14/2003 13:21,12/8/2011 20:59
75097609248,7,7475805487,320,20,141,408,9/2/2019 11:21,4/10/2007 7:37
88022100034,7,3785686818,300,40,100,405,9/19/2013 20:24,2/10/2017 0:59
11002202210,7,4448053166,319,33,2100,406,3/28/2004 10:53,6/20/2014 15:51
10043704761,7,9515362487,303,29,7485,400,4/24/2013 7:21,5/14/2007 12:48
13053406074,7,8923455503,312,22,5220,417,10/22/2003 8:24,8/20/2010 9:45
57077008229,7,1028884074,305,35,920,420,4/1/2019 10:24,8/1/2000 20:05
83013305933,7,6124825214,307,21,70,401,5/20/2013 0:45,12/20/2014 2:34
5040108833,7,4618662941,303,44,8669,411,4/26/2017 13:42,11/27/2002 1:37
84019908065,7,1785724047,303,16,910,400,11/10/2007 1:50,4/19/2010 11:05
37083408515,7,5726860247,302,20,502,402,6/22/2002 2:05,3/29/2010 19:33
4057605479,7,1962980622,303,38,8669,407,6/1/2011 23:27,3/29/2004 5:57
52059905416,7,2074558802,306,38,86,407,2/19/2014 1:17,9/3/2009 12:49
38076100585,7,3175132183,310,42,910,411,6/13/2000 3:05,8/8/2006 12:55
40065001447,7,9698166200,301,30,9000,414,12/16/2016 23:40,8/20/2007 3:50
91021305110,7,6979427469,312,23,3663,418,3/20/2000 7:49,1/15/2013 9:26
6035605968,7,4855945893,313,29,5667,413,9/30/2009 5:50,9/22/2013 22:20
20001405465,7,2884958983,303,28,8669,411,3/24/2014 14:28,12/24/2008 13:14
8083004828,7,2544782335,313,37,425,405,10/18/2009 1:55,1/10/2014 14:28
75023007055,7,1694019309,313,21,4100,410,1/14/2008 0:28,3/1/2015 8:41
8007600433,7,9555432941,307,44,154,401,9/27/2013 21:25,8/11/2004 9:51
1092205559,7,3867180628,312,41,969,401,12/7/2010 11:25,3/30/2000 22:36
8031807763,7,5338906580,300,47,552,410,6/26/2007 19:11,4/30/2017 18:30
16025107785,7,7959419964,301,30,32,410,1/20/2010 6:34,10/25/2020 15:36
69063704345,7,4123576193,308,22,874,419,6/12/2012 20:48,10/13/2007 23:19
7012705090,7,7686425656,315,43,86,414,7/17/2009 6:08,12/6/2007 4:24
27075905081,7,3825072520,309,39,8000,412,12/14/2011 7:23,12/31/2008 16:46
8073709824,7,5566214202,314,20,64,404,11/24/2003 5:33,7/3/2019 11:55
57082102194,7,6191135142,320,39,32,400,6/18/2005 13:56,4/29/2008 5:50
84079804024,7,6373054020,313,18,1445,414,5/17/2011 10:24,9/7/2003 23:57
7065609752,7,3116321833,316,22,5220,402,3/20/2012 4:57,1/30/2008 14:28
11066500722,7,2899818877,314,30,8527,402,1/3/2019 5:49,7/24/2017 6:37
81045707070,7,6967681123,316,40,621,418,1/1/2015 6:53,10/29/2015 22:06
99076808466,7,3478518930,303,26,443,410,4/6/2002 20:23,9/3/2001 21:35
65069607509,7,4783096912,320,29,70,405,10/7/2011 18:07,4/4/2003 8:29
99093903980,7,8527950101,301,38,874,416,6/28/2015 16:07,2/10/2017 6:00
53096204768,7,9257517769,305,18,425,402,1/31/2019 22:25,1/27/2014 1:30
21012604858,7,2447957938,313,21,154,417,11/20/2013 6:04,12/18/2005 7:36
15090104437,7,5074490145,308,25,3552,418,11/6/2018 12:02,1/25/2008 21:26
36095005853,7,3203707002,309,36,192,414,8/31/2004 1:07,9/18/2019 22:25
92005100279,7,3513477252,306,29,4000,410,5/7/2007 4:35,1/18/2009 0:45
81098204287,7,1401814964,300,19,6885,414,2/19/2012 22:24,3/25/2007 13:26
45004208235,7,2774640246,308,40,141,407,10/17/2013 18:52,2/12/2000 17:44
41053100600,7,7166458354,314,32,4000,413,6/21/2004 23:59,3/22/2013 4:37
34042004562,7,6134467982,302,36,467,404,6/6/2002 11:37,7/10/2019 17:40
46088005709,7,1786327500,319,46,6885,410,9/6/2009 9:52,5/19/2016 13:47
39040400363,7,4913561582,300,33,100,408,4/16/2018 7:59,11/27/2013 5:50
72057003112,7,3034297295,301,33,969,402,7/3/2004 19:11,7/8/2011 15:11
35804493,7,3935393820,320,17,8000,408,3/1/2018 17:07,4/2/2015 15:22
1044708841,7,4329147790,314,34,27700,401,2/2/2002 3:46,2/21/2020 7:31
94087202261,7,1443468211,306,43,6885,405,8/16/2005 2:04,11/2/2013 0:12
36064800812,7,7153984809,309,44,7485,418,5/12/2014 1:41,1/27/2011 3:06
27025103614,7,1254002726,312,44,502,404,9/12/2008 16:22,1/22/2003 20:11
10075701741,7,3587541111,313,18,4000,420,1/29/2012 1:15,2/9/2016 10:53
32055406171,7,4893770032,313,26,5220,403,10/29/2017 14:52,4/22/2012 11:25
15051502324,7,4688968071,320,18,56,402,2/1/2008 2:56,4/30/2002 16:15
95084008753,7,4426818634,303,43,502,420,12/15/2008 15:05,1/27/2013 14:39
44034509337,7,7522054408,308,45,2,415,10/17/2012 0:24,3/17/2002 11:11
48012006317,7,6044543774,302,44,521,410,5/2/2010 10:05,6/1/2010 18:19
45085908461,7,6659269256,319,23,3998,401,5/15/2014 18:26,9/17/2002 6:34
8058705757,7,4876802446,303,19,40,407,6/2/2008 15:21,4/28/2008 18:54
2016402773,7,6178211458,309,45,969,416,8/28/2004 15:57,10/5/2012 13:54
3001004026,7,4453221866,317,33,27700,407,9/21/2004 21:15,5/22/2019 9:20
21006109430,7,6579516668,311,24,192,415,3/19/2011 21:56,6/1/2019 14:48
45045203428,7,7259156338,307,45,5220,417,9/15/2009 23:11,1/12/2013 6:21
8046204937,7,5396333136,318,42,187,419,5/20/2016 15:14,4/28/2005 6:30
82064809109,7,3932312568,308,38,192,401,3/22/2009 15:09,9/5/2015 10:15
86068406513,7,5297563048,310,38,9000,404,2/14/2019 18:34,3/23/2018 19:16
26020506059,7,1163473078,304,35,874,404,11/13/2010 16:42,3/23/2007 4:18
70093401853,7,5696684997,317,25,2114,412,6/21/2014 19:40,11/13/2020 13:04
19070402343,7,2136495566,316,27,8527,411,6/28/2003 13:12,4/11/2019 2:31
36089606117,7,3886665074,301,29,9,419,1/4/2013 1:00,1/13/2002 18:27
66067700955,7,2997090588,306,42,920,417,2/16/2006 20:11,2/18/2000 20:06
45022001263,7,5614413897,314,23,8447,413,12/23/2018 8:49,1/26/2009 1:54
52010701665,7,8681587035,300,38,64,402,11/22/2000 6:15,7/26/2010 10:51
71099209693,7,5041086980,312,30,2100,405,2/25/2004 21:47,1/26/2012 8:35
34046202928,7,3985216196,313,38,502,415,8/22/2013 23:31,12/21/2017 15:23
80089302484,7,6147821959,302,30,3998,410,4/9/2001 0:31,5/11/2010 0:49
15051601440,7,5435319962,312,15,40,403,10/9/2013 13:07,9/27/2002 19:05
24063406317,7,1776916250,310,15,603,415,7/23/2014 22:46,2/3/2003 17:31
34033603153,7,5856771055,310,38,9954,419,2/11/2011 19:06,11/12/2001 4:44
99063503748,7,1655954058,317,19,7000,417,3/25/2008 1:25,5/27/2006 6:01
81049808635,7,8266132130,313,20,521,415,2/21/2006 15:12,8/31/2006 15:58
21031108863,7,1535200686,310,46,4100,400,1/31/2000 0:16,2/18/2000 21:15
88079101169,7,5851379131,302,37,910,411,12/5/2011 6:01,4/24/2020 11:02
14052307976,7,2608553931,313,32,56,413,7/23/2014 9:54,8/8/2014 11:32
36010508414,7,6804878786,302,19,874,408,10/29/2017 21:37,1/16/2003 13:47
14088309496,7,3011302033,316,42,9536,404,9/17/2019 16:12,2/3/2019 0:25
12012809954,7,5344329211,310,36,8527,402,4/28/2011 4:49,9/25/2015 3:17
86055108767,7,8394596265,300,15,874,403,9/30/2002 2:01,7/25/2014 12:29
44052803503,7,2354645356,309,34,8527,404,10/30/2015 7:43,3/22/2020 17:38
25076304821,7,3629512665,302,39,40,412,3/21/2002 11:59,9/23/2009 2:14
23038507276,7,9443574060,309,27,443,416,10/26/2004 16:26,4/13/2017 23:58
18095500085,7,3477870905,301,35,1445,417,3/17/2009 20:20,11/21/2012 22:24
5029605911,7,3073766424,319,24,7485,406,6/14/2007 17:04,6/23/2017 22:42
63022903316,7,1107445898,311,36,2100,408,10/18/2017 23:47,11/17/2001 7:45
6036708564,7,2446674989,306,25,10,411,10/11/2006 10:06,9/17/2009 9:44
11036101784,7,6065200935,311,29,603,416,7/21/2008 19:26,6/5/2012 23:20
68085904162,7,5618973783,309,30,852,419,9/24/2013 18:59,3/25/2007 21:31
35063004023,7,5461872398,313,46,5220,405,11/13/2008 15:59,11/26/2019 6:52
65069509240,7,4958908284,306,34,8447,408,8/4/2002 17:29,8/4/2010 10:52
62068003882,7,6373336061,304,24,3998,417,9/9/2013 22:30,5/26/2015 22:06
55066401634,7,3643366311,318,40,86,411,10/16/2010 14:53,6/2/2008 8:07
13091408755,7,4256223596,320,44,552,419,12/30/2014 12:43,6/14/2010 21:10
97064001603,7,8788131773,312,28,192,402,1/30/2019 3:24,11/26/2010 10:38
71050402588,7,7973881251,313,37,56,404,12/4/2010 3:32,4/5/2002 17:40
9079404263,7,2995757054,304,40,552,418,4/20/2017 7:14,6/22/2019 5:00
85060809983,7,3279452875,315,44,86,420,1/8/2010 8:27,5/27/2014 21:59
91059802868,7,5622669177,307,19,5667,418,4/15/2005 12:56,1/22/2018 0:48
63077707237,7,5223246156,303,44,2114,417,4/19/2018 16:12,3/14/2014 22:41
98042905518,7,5606696821,313,21,910,412,4/18/2012 19:42,11/29/2006 13:47
66068507532,7,8145038418,303,37,425,415,4/29/2016 18:33,8/23/2006 16:27
14000201931,7,7094594309,320,43,852,417,10/9/2016 7:54,5/17/2020 12:08
66308232,7,4213391396,319,36,3663,416,5/19/2002 9:32,1/18/2021 0:51
42042907038,7,7295773181,318,36,3998,403,12/4/2018 5:16,4/26/2019 3:24
97045704737,7,2465855666,308,17,5220,418,4/11/2011 18:53,2/7/2001 0:33
37055307558,7,1423720838,305,17,3552,400,8/19/2004 6:30,3/7/2006 19:07
59054204272,7,6833859622,302,22,603,420,2/1/2013 0:25,6/4/2002 3:29
88075502522,7,1106646499,319,27,3998,408,8/13/2005 11:41,5/14/2005 23:24
40085806180,7,9772877109,315,44,969,418,12/23/2015 21:07,8/25/2018 4:09
5050608484,7,1839651559,316,15,443,419,10/1/2009 0:47,1/20/2014 4:04
13024406720,7,5689618172,310,20,552,412,2/4/2012 1:12,11/1/2016 19:15
52032505411,7,5505629834,304,24,2114,417,8/9/2009 0:55,12/2/2004 3:54
98004009456,7,5651349952,314,19,27700,419,9/8/2008 7:37,10/14/2004 9:33
64078104695,7,3487120837,319,33,4000,404,9/26/2010 22:36,7/19/2013 23:10
36044203290,7,4965501467,309,32,7485,406,5/8/2007 7:56,5/31/2002 2:23
97005908379,7,5001171036,302,38,154,411,5/13/2008 1:05,3/30/2019 2:33
5082903124,7,1137700383,302,22,40,403,10/19/2017 11:31,8/6/2004 21:40
30041405955,7,4284150971,310,35,40,403,3/23/2010 22:47,6/7/2010 3:35
85050604652,7,9672449023,318,42,467,403,11/4/2000 1:59,3/9/2014 2:42
12040305760,7,4591722012,310,20,2,400,7/25/2003 10:48,2/4/2010 4:54
89061309805,7,1535069436,311,22,9536,419,11/30/2010 14:23,10/27/2014 23:48
50066104613,7,6823486044,304,37,6524,417,9/13/2016 19:14,6/27/2011 22:57
78068002322,7,1026254160,312,25,153,403,4/28/2015 10:13,11/15/2001 15:11
89070900002,7,4811379717,311,26,153,402,4/16/2004 4:31,11/7/2001 4:34
70051006484,7,8632600742,300,22,192,420,1/20/2006 21:11,7/21/2017 16:11
66007604367,7,3806370583,306,27,2100,420,3/9/2006 13:17,2/13/2014 2:33
35050505244,7,5505422818,306,45,27700,419,3/16/2018 8:18,12/30/2018 12:52
84025508305,7,4023250263,300,36,7000,413,10/20/2010 18:34,8/3/2000 4:18
54089803185,7,6243243200,320,45,4100,418,8/21/2011 13:18,5/31/2015 17:06
60018401102,7,6421066069,319,30,9954,413,1/28/2013 14:12,4/29/2006 18:59
49002702385,7,9829542382,309,29,27700,418,8/18/2009 9:21,11/10/2010 11:53
21019604344,7,2051055098,310,32,3552,413,7/19/2001 15:25,5/30/2012 16:25
65049505000,7,7678913349,302,30,7000,416,1/28/2008 19:24,9/15/2015 12:59
81097801374,7,6415898096,306,18,8447,406,7/29/2001 0:15,8/22/2018 2:08
99052601726,7,1772904034,312,30,852,411,9/7/2003 1:54,9/6/2020 13:56
25093605120,7,1143431160,316,38,3663,413,4/6/2008 8:53,10/23/2011 22:32
82083903846,7,2717490400,305,45,920,413,12/5/2005 5:39,12/1/2002 10:20
41007000833,7,8779029878,316,34,10,404,10/21/2016 19:22,12/18/2005 9:23
89074808191,7,9842655627,320,40,3552,409,10/31/2003 3:11,12/12/2016 21:08
33035102244,7,1454129288,301,18,521,413,2/8/2003 6:17,6/6/2010 10:03
48096100440,7,4697401371,313,26,8527,409,8/4/2015 19:12,9/20/2004 8:19
86011404164,7,8676672722,320,43,4000,402,11/12/2000 18:33,4/12/2011 20:14
68052203136,7,5668406870,318,35,3000,402,7/30/2012 21:40,1/17/2006 7:40
24068307714,7,2996036639,315,23,192,413,4/9/2003 15:23,3/29/2004 10:54
12035603939,7,2551833336,317,24,552,403,10/3/2014 7:34,7/2/2002 2:54
5086201456,7,5116142689,313,36,9536,415,11/28/2016 13:59,2/6/2020 16:27
69095401909,7,2547246246,313,40,8447,407,8/13/2005 7:05,12/20/2006 3:30
65048901990,7,7415613998,317,20,521,409,6/20/2014 6:43,9/4/2012 5:42
29076706150,7,7112201047,303,23,141,400,8/4/2012 7:46,9/2/2007 7:43
30093508629,7,6146581704,308,28,348,412,1/10/2016 3:46,9/3/2015 3:20
66010705939,7,3241843106,316,41,192,418,9/16/2000 17:10,3/11/2015 23:48
46089409088,7,1764599064,303,45,920,416,12/12/2008 21:50,3/9/2011 12:25
46073605994,7,3233798217,313,24,10,408,10/17/2014 5:16,11/6/2015 13:56
73070807459,7,6306321778,307,16,641,406,12/25/2003 23:52,7/30/2002 3:50
48036204426,7,9045900519,301,23,64,403,9/14/2003 6:39,9/22/2006 15:04
87094800370,7,5055315468,301,17,3663,407,2/2/2013 1:34,2/22/2000 10:09
23004700857,7,3057508449,309,26,467,404,7/28/2012 8:15,2/8/2018 13:04
35029101559,7,8638075030,309,30,5667,414,5/30/2003 10:40,5/19/2002 3:56
89077707763,7,9569131912,306,44,2100,411,6/6/2000 8:38,5/10/2020 9:58
13029709334,7,1056926455,313,44,9954,402,8/31/2013 16:39,12/9/2016 2:06
46050906329,7,2653529657,319,36,153,405,2/23/2015 22:23,1/31/2017 8:15
12003801319,7,8276497623,306,21,1445,403,9/7/2010 18:29,11/12/2010 3:46
24044706642,7,4169689944,309,18,6885,400,6/30/2002 17:33,11/19/2020 13:52
4060908673,7,3252538266,319,24,552,414,2/11/2010 12:51,1/20/2002 13:37
65105704,7,3613699112,320,39,141,404,11/1/2015 18:04,7/26/2006 12:16
37047206537,7,3234321705,302,30,4000,414,11/22/2013 7:23,1/12/2009 5:08
97067204402,7,3725946260,313,43,641,414,12/22/2011 20:49,11/15/2019 4:13
84092200742,7,9023552071,319,37,8447,400,10/28/2006 7:51,5/31/2001 21:54
72092102078,7,7085819447,317,35,745,414,11/9/2009 21:50,7/13/2020 16:21
94015701520,7,1614945524,308,34,100,418,5/22/2005 20:56,3/12/2008 3:06
32079607511,7,8059980452,309,47,745,415,10/30/2003 2:55,4/28/2006 15:19
93078806304,7,7522306027,312,41,187,416,8/30/2018 17:29,4/10/2004 11:55
80029406127,7,5865766213,301,37,348,418,6/30/2008 0:06,4/9/2006 1:53
38077607464,7,3702111156,306,44,6524,406,12/28/2009 17:33,1/11/2017 13:11
66081803408,7,8851195908,303,32,7000,418,8/21/2013 10:26,6/30/2006 16:01
76001505889,7,5088138234,318,48,6885,407,5/31/2011 15:37,4/20/2018 17:33
50079403344,7,7389022343,312,25,5667,412,5/14/2017 1:50,8/1/2003 9:58
39078805010,7,6462705424,300,15,6885,416,10/13/2006 16:47,1/16/2002 19:11
34047009735,7,3394424222,314,16,8447,401,11/23/2012 2:08,7/20/2009 18:28
70038007120,7,5247719299,320,35,9000,420,3/11/2016 17:02,11/19/2012 23:42
90012406294,7,5963164356,305,35,965,403,6/27/2000 8:24,4/2/2010 9:51
80045809814,7,3376122386,316,45,425,405,9/14/2017 10:46,6/24/2002 5:35
86095501499,7,2004982001,310,40,4100,401,7/27/2005 11:04,11/13/2008 22:52
34004605996,7,5224422678,311,20,187,401,3/6/2004 9:11,6/24/2002 9:11
28024601079,7,4157152656,300,39,7000,420,12/26/2009 16:13,6/29/2009 5:35
20034600336,7,6954181995,315,23,965,420,8/29/2005 0:32,8/17/2002 9:00
82020402945,7,1303138785,317,40,192,407,10/20/2018 8:21,8/28/2003 21:42
63029302554,7,1433614919,312,42,2000,412,8/15/2001 15:13,7/6/2019 14:17
27092305940,7,5538779237,309,22,621,420,7/26/2015 7:55,11/26/2020 0:53
44092204810,7,3341463698,310,34,10,410,4/16/2013 13:23,4/20/2007 22:59
48001804559,7,3438865465,311,17,8669,417,8/13/2011 8:15,11/23/2003 19:00
44098400667,7,9943990696,307,24,5220,401,4/3/2006 2:01,2/2/2014 22:13
5017608521,7,1875828105,300,24,70,403,10/2/2004 6:39,9/7/2005 0:14
13050001029,7,8977779335,317,33,4100,405,1/4/2010 11:14,10/22/2010 16:47
88023505188,7,8052635302,313,40,641,403,4/25/2009 2:09,3/20/2009 10:29
52045203585,7,3544449227,301,39,359,411,12/28/2001 14:06,6/2/2010 4:14
98000604383,7,9102589202,312,37,7000,418,8/3/2011 1:35,7/25/2015 15:52
65045301519,7,1816919924,305,32,359,400,2/11/2006 14:50,7/18/2006 8:32
14091802627,7,8225687075,306,25,1524,416,5/11/2015 13:41,6/4/2007 11:14
72086105408,7,1977275348,316,22,621,401,12/30/2010 6:51,11/9/2013 23:16
2017909860,7,5197667820,316,25,5667,403,2/18/2008 10:15,11/24/2020 16:46
50013502060,7,7096895782,300,22,2114,418,3/6/2010 7:58,8/11/2004 17:04
30044003735,7,7133380885,304,40,5220,408,11/28/2013 18:24,9/23/2010 6:55
58049402935,7,6857760112,301,26,9954,405,7/25/2018 9:41,6/27/2008 7:48
71067806309,7,9555992071,308,42,621,417,2/23/2004 1:32,8/9/2011 11:33
23004701614,7,6688305382,307,23,56,415,2/26/2008 15:03,1/25/2007 8:42
6000303223,7,9046375682,310,40,5667,418,2/14/2008 11:04,3/26/2005 16:36
93051205392,7,2394806842,300,28,6885,406,12/12/2000 10:14,10/19/2016 17:23
37070604380,7,1623925209,301,18,8447,414,8/13/2013 2:57,6/24/2007 8:50
80097103989,7,1541155090,303,20,5220,416,10/4/2008 0:08,6/30/2009 12:13
44025102633,7,1307324954,313,22,552,410,4/19/2007 21:26,5/15/2020 23:59
79092300091,7,4159208425,306,39,3998,402,9/23/2011 0:21,5/31/2002 12:13
84010503482,7,5424787328,309,24,70,420,6/13/2012 0:33,8/14/2008 22:48
5078801542,7,9371939898,317,26,745,408,4/6/2004 13:34,4/29/2020 21:24
26004103958,7,2514417366,307,27,502,406,4/19/2012 5:49,10/3/2011 13:36
91011306632,7,3567824408,318,35,621,417,12/31/2010 3:18,7/7/2002 18:55
58009804732,7,2043671323,303,33,70,406,7/17/2016 0:38,1/23/2018 7:47
76010800673,7,7054522207,313,39,192,406,2/18/2002 15:52,1/18/2012 7:03
85024009934,7,7302504801,314,33,502,413,3/18/2004 9:39,4/19/2014 16:18
54078902518,7,7479859179,310,20,100,402,3/5/2002 3:46,5/18/2002 14:19
14093902890,7,8124619843,302,48,641,405,4/28/2018 15:43,9/26/2003 20:11
23012003232,7,7056219230,313,32,874,418,2/6/2018 7:24,2/25/2012 5:57
59082700312,7,3571315882,312,25,100,415,5/15/2018 22:57,12/9/2004 2:13
6040105847,7,3774867596,302,41,8447,417,10/13/2018 23:14,8/12/2020 18:55
42086504630,7,5667326125,303,44,5220,417,6/1/2019 0:57,1/3/2008 1:34
64073505293,7,4172239171,317,46,141,414,5/8/2004 7:51,11/7/2013 7:30
99086406414,7,5424722732,302,27,8527,414,12/9/2011 17:58,4/14/2007 17:35
10043905850,7,1461924212,315,26,2000,407,11/5/2000 18:35,9/4/2016 0:59
6083201495,7,1165408064,305,32,425,417,3/14/2006 10:39,10/1/2014 2:37
79061406925,7,9847612252,313,28,153,420,1/21/2012 20:04,2/22/2003 2:46
60008704254,7,5603453298,315,35,187,401,5/31/2013 0:21,2/6/2020 14:11
15071701699,7,5756898423,312,42,6885,411,9/29/2007 11:56,3/9/2000 20:25
84037609267,7,8385001919,308,16,852,400,11/4/2011 6:24,6/17/2016 6:40
80039805318,7,2869393895,315,40,40,419,1/26/2009 10:18,1/3/2019 4:53
54072508146,7,5999057903,302,44,502,409,11/19/2002 11:12,6/3/2000 1:01
12007003831,7,6466145784,311,26,5667,413,12/30/2011 0:34,5/1/2004 19:54
39018406654,7,2144876733,318,44,100,410,3/26/2016 16:33,1/17/2016 2:11
28017508884,7,5443728600,314,39,4100,418,4/30/2012 1:57,4/27/2017 6:49
16067000786,7,1463867062,311,39,9,406,10/12/2009 15:13,12/14/2001 9:23
8082708835,7,3511165471,301,16,70,420,7/21/2018 7:52,5/6/2018 7:34
15036705436,7,7906108039,303,30,8527,418,12/1/2015 0:52,8/12/2003 17:18
25025308088,7,2495882992,315,20,8000,418,7/28/2004 4:53,7/14/2013 23:44
84065204807,7,9242955853,310,28,7485,419,7/18/2017 10:37,10/29/2018 17:00
46018709258,7,2229342536,316,37,4100,420,6/29/2002 23:46,6/26/2000 12:13
21010102571,7,8121064183,310,31,552,418,7/23/2001 18:33,12/16/2002 9:40
68068301229,7,7027008253,309,16,1524,406,12/29/2009 19:50,10/14/2016 5:21
84078307295,7,2823267670,320,28,64,416,9/21/2002 2:06,12/6/2003 7:50
14063203693,7,5608799263,312,41,2114,408,9/16/2015 23:56,8/19/2018 7:04
49075607632,7,6547452895,314,22,40,418,6/17/2016 5:04,10/31/2012 1:00
38605709,7,1126819004,317,19,154,409,5/24/2013 0:16,2/18/2002 7:06
92025809912,7,6616890973,306,15,9536,401,6/1/2010 13:45,1/14/2020 23:38
3090401303,7,2868706173,308,26,100,416,5/16/2018 0:29,12/23/2016 23:14
22015407040,7,6307068937,311,16,9536,403,4/13/2010 9:19,11/30/2007 15:23
46041305879,7,2624113060,300,21,2,418,9/12/2007 19:35,2/22/2019 19:45
22082207775,7,5442176094,315,25,9000,402,10/19/2011 19:40,2/3/2009 10:52
65010608803,7,9153657993,308,30,27700,410,3/15/2012 1:58,6/19/2019 3:21
83041009574,7,4158239215,306,20,443,412,6/6/2017 9:02,9/8/2002 17:50
23079801482,7,8839911037,317,46,187,407,12/12/2002 15:18,6/13/2013 13:26
2014803083,7,3223037523,315,47,2000,415,4/16/2000 12:25,10/11/2014 12:33
27051805418,7,1964954573,320,39,7485,418,7/27/2019 12:27,1/18/2005 1:36
90022702052,7,7404216519,307,15,852,411,1/18/2014 7:57,7/14/2015 13:05
37020807484,7,8701832910,305,18,443,408,7/17/2018 16:01,4/26/2020 10:21
26001305848,7,2432602414,320,16,40,414,7/10/2003 14:33,12/27/2013 0:56
30057703226,7,5948579026,306,40,8,412,1/9/2016 14:54,7/21/2007 0:51
3026701600,7,1922600817,302,34,4000,415,11/2/2004 18:39,10/24/2002 7:16
87013606475,7,5535860343,304,22,1445,402,7/30/2014 5:01,4/20/2002 1:27
61106038,7,3094342232,303,40,8447,416,11/16/2005 0:28,7/1/2015 4:52
36099308255,7,1402098222,300,28,3552,408,1/22/2008 20:23,10/2/2002 17:54
95000703616,7,7008302732,318,29,359,411,7/29/2014 6:06,8/10/2018 23:44
60204770,7,7124012060,308,17,4100,407,4/24/2017 17:48,4/30/2018 22:49
52011000395,7,3819894931,314,23,502,408,3/19/2007 1:28,9/12/2004 19:26
42096905921,7,2399744668,314,37,3552,402,4/24/2004 16:00,5/3/2018 4:08
19078008660,7,5075950781,305,18,70,417,7/1/2017 1:46,1/5/2015 2:16
50030405501,7,2091188261,317,32,425,401,10/20/2009 0:28,5/13/2015 22:02
89099609180,7,6066127489,308,25,3552,409,5/7/2005 18:34,9/20/2000 2:19
88050403507,7,7727478849,305,32,641,400,3/15/2011 7:56,8/3/2008 3:49
98070500698,7,7315759431,302,15,9536,400,6/9/2015 10:02,10/27/2014 17:23
15086002822,7,5741095970,311,32,8527,414,5/26/2015 5:20,12/30/2020 15:42
49035901755,7,7036484343,311,31,2100,420,8/13/2009 6:28,2/23/2020 6:26
67036007757,7,1843091166,308,22,1524,404,9/14/2007 6:18,1/14/2002 12:10
76045000696,7,5238591252,319,21,3663,418,2/4/2006 12:18,2/18/2015 18:20
81080009889,7,1096085521,301,42,3663,415,4/27/2014 1:34,4/25/2001 23:53
85044600393,7,7617331033,311,17,153,419,7/12/2001 19:14,8/13/2007 20:20
76077209490,7,9407178930,312,21,8,420,12/27/2014 16:52,12/31/2005 6:15
66020805427,7,6437488890,311,19,9536,418,1/14/2013 2:21,12/28/2017 6:43
88084106430,7,3234707587,310,35,8447,419,7/23/2017 10:09,9/6/2018 13:17
50051801793,7,1017879551,312,37,187,406,6/23/2007 4:28,1/29/2016 3:47
69085100352,7,6575684183,305,29,9,411,2/12/2013 3:20,8/19/2011 7:49
4048409666,7,9714309305,316,43,2114,408,5/17/2012 13:10,5/30/2003 1:18
70076003455,7,7725028239,308,30,9536,414,12/20/2007 10:40,12/14/2018 1:22
21094001845,7,6594006356,319,36,6524,414,4/9/2010 23:45,1/26/2004 18:24
51024907103,7,5051709172,301,45,8447,412,6/16/2018 0:54,2/5/2002 9:57
39008103257,7,3091581011,300,38,187,411,9/2/2015 0:04,1/12/2016 22:28
75043307588,7,5814286859,320,36,187,402,7/26/2014 9:43,6/28/2012 22:02
2021906540,7,9967462722,320,44,3663,404,6/8/2005 14:19,7/29/2017 22:01
36036607711,7,4351471826,306,40,2,407,7/3/2017 14:44,3/4/2006 6:29
56048103977,7,6379816599,304,48,5667,408,5/8/2008 10:15,1/31/2004 22:07
96036609571,7,3875703533,300,31,552,416,2/19/2001 21:41,7/23/2003 15:23
3004803066,7,6199502381,300,38,1445,413,6/3/2008 17:17,5/12/2020 22:36
26095407519,7,2325520662,316,16,2,409,2/18/2002 20:51,1/7/2004 11:47
9018704628,7,4351420767,310,16,603,415,2/10/2005 1:31,5/31/2008 16:55
92097706589,7,7487833348,309,23,425,412,3/1/2017 6:15,2/1/2015 19:06
51003607436,7,5033816309,313,37,1445,404,11/25/2019 22:16,3/10/2014 5:27
61070608120,7,2886171384,317,19,3998,419,2/5/2018 10:09,12/10/2002 2:05
57082505525,7,2865575065,301,43,7000,401,10/22/2011 19:23,7/24/2015 17:47
63030900124,7,4547556547,306,45,521,408,11/19/2008 23:09,1/1/2021 21:53
1012404246,7,9138544236,310,25,32,402,5/19/2009 1:19,2/16/2014 4:47
65036909380,7,2452579503,300,22,2114,417,11/25/2008 16:44,11/7/2009 1:42
43051604297,7,6714439456,318,36,6524,418,9/19/2015 14:16,6/12/2003 11:59
63079103032,7,9917248451,315,34,5220,410,7/8/2003 13:24,1/17/2010 20:48
57044602582,7,3725192064,313,27,7000,416,3/4/2002 4:15,7/3/2020 19:59
78031704982,7,4068408886,309,26,969,418,9/22/2017 3:53,10/19/2008 12:10
59089806733,7,9579373941,314,19,8447,407,5/4/2002 22:25,8/14/2011 14:11
61059608045,7,2137784956,305,38,359,418,7/18/2006 16:19,12/5/2013 18:55
79084504281,7,6255890855,304,43,552,403,1/3/2017 17:23,5/18/2002 19:19
71048509436,7,9643131643,316,39,3552,417,1/5/2005 8:03,1/5/2003 0:00
37012806502,7,9976591865,311,21,7000,418,4/21/2012 22:23,12/30/2019 10:30
87020706879,7,2325990964,305,28,874,409,8/25/2000 5:28,4/6/2007 22:01
88066501075,7,1711463489,320,17,8527,418,11/28/2012 15:06,7/11/2018 2:49
78020105920,7,4871341934,307,41,552,407,9/29/2014 6:24,4/23/2020 15:38
34069208848,7,4492855621,304,44,10,413,9/19/2016 5:03,4/24/2015 4:23
58041902154,7,9033518573,306,29,100,404,11/3/2013 17:55,6/21/2010 10:37
52036805409,7,2477258167,317,39,9536,404,6/3/2018 20:20,11/3/2019 12:10
20093808252,7,9505957852,304,32,2,413,4/25/2009 15:00,11/23/2009 4:48
34011501128,7,7357358651,319,42,192,400,4/5/2016 5:53,6/7/2006 6:29
91084602687,7,9696560802,320,33,154,417,12/28/2019 21:25,12/25/2003 16:10
63014907756,7,2385929522,318,28,552,413,7/1/2017 3:37,2/21/2019 18:49
90077004304,7,4253578986,301,36,2100,415,9/9/2011 3:04,1/2/2018 21:46
9030905759,7,2179445409,309,47,10,411,5/21/2009 4:25,8/6/2011 5:41
67010801986,7,8766298965,316,44,27700,409,4/9/2013 15:24,6/15/2005 15:57
55087000456,7,2194606863,317,28,443,402,4/18/2017 20:22,1/30/2018 17:19
12072505852,7,4957339413,300,23,852,406,6/24/2002 2:40,11/5/2000 21:29
6072104562,7,3948781630,313,19,9536,410,2/14/2010 5:17,11/11/2001 23:59
41016204176,7,6058345423,309,15,5220,411,8/4/2016 12:04,11/26/2010 12:57
35003208796,7,7725648099,306,45,3663,416,6/5/2006 16:02,2/3/2002 16:44
97012706517,7,7268697758,315,34,3998,409,9/12/2013 10:24,10/28/2012 20:24
36067102322,7,8717614253,307,41,4100,418,5/25/2002 22:17,5/13/2007 23:03
79040501666,7,2168777153,319,30,154,403,1/6/2004 14:12,10/8/2000 14:21
87000506917,7,6193316687,313,15,8669,417,1/23/2009 20:05,7/15/2004 9:04
65062806277,7,5561385585,306,43,154,409,7/3/2009 22:15,3/14/2013 22:23
18025503625,7,8529951483,315,45,4000,401,1/12/2020 18:54,10/11/2012 21:29
49035301398,7,7166824655,300,27,7485,407,12/31/2010 17:39,11/15/2009 9:17
71056703804,7,2053737870,320,42,5667,418,4/22/2016 7:17,11/21/2014 13:38
92070604233,7,7213013631,302,25,100,411,8/13/2013 11:58,1/17/2001 14:10
63044609311,7,5052866031,317,30,70,401,10/23/2008 22:09,10/23/2012 17:48
47027806965,7,9569490864,309,20,9536,409,4/29/2004 14:57,3/6/2006 9:20
20085400515,7,6276512068,314,29,502,415,6/30/2010 20:02,7/4/2005 12:57
89033606988,7,1151906369,303,44,141,419,10/26/2000 19:24,2/20/2007 6:47
99076001758,7,5988428721,309,18,603,406,11/17/2000 18:43,10/22/2019 0:21
55023300618,7,6211753132,317,47,5220,410,10/1/2008 16:08,1/9/2012 9:04
7058303599,7,9609126451,301,48,852,420,9/30/2009 8:10,9/3/2015 2:14
72038001542,7,8629291890,317,15,920,418,2/9/2019 19:14,1/28/2010 20:56
4040106752,7,2982705556,310,18,7000,412,2/3/2018 22:15,8/4/2020 8:46
80078904477,7,6397609632,312,40,4000,404,1/24/2007 3:34,6/22/2002 0:04
24036306095,7,6006169461,301,44,6885,419,7/30/2014 18:19,6/18/2004 15:30
49041107826,7,3997772806,309,15,32,420,5/24/2005 3:55,6/4/2014 18:51
1006604581,7,8235305031,304,33,2000,420,12/24/2006 7:31,5/31/2014 1:53
86002302483,7,7961832538,309,33,521,419,5/19/2011 9:59,10/23/2006 10:42
66087907007,7,1574402691,312,28,5220,417,8/22/2014 9:31,5/3/2007 7:15
61064103382,7,6411478379,302,17,8669,418,2/13/2005 15:35,6/15/2011 11:54
30001702802,7,8836533398,308,41,9,420,8/4/2003 23:54,7/28/2003 2:34
60060605065,7,7401429990,303,26,3000,411,3/11/2017 23:53,8/24/2001 7:08
77096208021,7,1005376658,313,44,6524,409,1/10/2002 12:26,7/18/2001 1:36
41016309664,7,4524502171,316,45,7485,420,7/27/2016 13:30,10/11/2008 15:22
66031504612,7,9915306174,310,35,192,407,4/13/2000 22:03,4/6/2002 12:56
46032005295,7,4389468056,318,37,5667,401,10/14/2018 3:45,7/28/2011 6:30
31065507756,7,2349132764,308,17,4100,404,11/11/2016 10:36,1/22/2018 4:44
38010701946,7,1221968757,320,37,4100,415,8/25/2011 3:50,7/6/2008 17:21
90004007467,7,2846267732,307,25,40,418,3/3/2016 3:21,12/11/2002 15:20
65048803083,7,4208424381,310,31,9,415,11/6/2009 13:40,7/19/2002 19:55
53076005872,7,7393683071,317,33,6524,407,2/6/2008 17:34,9/10/2003 23:23
18059001841,7,3443627204,307,32,5667,413,10/2/2010 23:57,3/3/2000 18:57
66051700791,7,3593145341,313,44,1524,404,10/8/2008 1:55,11/5/2002 17:53
66017909569,7,4015008116,304,44,153,407,1/5/2020 7:29,8/27/2014 6:58
87031900941,7,1819639913,303,23,5220,404,1/7/2003 7:52,1/4/2005 9:35
57040001675,7,7628428623,313,22,359,414,12/29/2007 5:52,4/2/2007 7:11
39010103608,7,7324904675,315,44,3000,414,1/20/2005 0:15,8/26/2008 13:30
33025407089,7,4827647298,307,43,7485,402,12/6/2019 18:55,7/7/2017 11:31
37011606012,7,2362041052,310,24,86,414,3/21/2012 12:12,7/4/2018 6:37
67015604180,7,5998020734,318,27,641,406,12/24/2011 7:02,5/14/2009 2:43
10050900005,7,4966711303,314,19,8447,402,12/3/2011 18:26,1/1/2013 5:43
91052309591,7,5464148330,313,40,8,409,11/23/2007 23:16,11/8/2008 4:51
14077705074,7,4274933836,315,16,56,413,11/30/2003 22:44,7/21/2014 14:19
58031207239,7,5819932807,313,40,56,412,9/23/2003 4:26,11/15/2009 0:31
45062805966,7,1926011871,320,30,621,411,2/25/2010 18:00,7/4/2006 6:44
2032501674,7,7195357891,302,22,64,420,1/22/2019 3:12,6/26/2018 19:57
32054302233,7,2649539649,308,21,4000,402,3/13/2018 0:00,12/9/2004 17:10
20039305565,7,9114593938,313,36,10,407,4/26/2002 21:03,1/20/2008 20:30
76061609796,7,5413317569,320,29,1445,407,9/7/2003 4:14,2/16/2006 12:43
90082502284,7,6055515999,316,27,641,414,7/19/2008 18:01,4/20/2017 20:41
55004803918,7,1297755131,307,35,9000,415,4/5/2017 18:38,3/14/2019 7:22
7071706848,7,9289499994,316,33,4100,419,11/25/2017 21:17,1/1/2010 17:39
38022409788,7,6128193540,307,21,8527,418,12/19/2008 15:13,2/29/2008 2:48
87039205635,7,4771530866,301,46,4000,411,9/27/2018 13:13,1/2/2009 1:52
39027607744,7,2151320737,301,29,2114,420,4/20/2010 18:30,5/29/2006 0:00
26064007011,7,1538021560,313,42,187,400,2/7/2011 16:05,11/19/2010 8:49
64043608881,7,6802557881,307,45,552,413,4/16/2007 18:45,4/19/2017 18:26
33089005720,7,4332734202,312,15,187,408,11/1/2004 4:59,10/10/2018 0:45
21078703831,7,5438365830,302,47,8447,405,9/13/2016 18:28,6/13/2011 13:55
5029500681,7,2912984873,301,26,154,408,2/10/2000 4:56,7/15/2012 1:11
42007807409,7,4927450881,311,34,2,420,8/18/2013 22:01,3/17/2005 14:17
6055008052,7,2735237184,301,28,443,404,10/3/2015 3:35,6/6/2013 0:16
55097606392,7,5667774151,314,23,8447,407,3/28/2017 10:13,2/2/2013 15:02
55001107998,7,6869393630,305,27,3998,405,1/20/2001 3:04,1/17/2005 11:02
57022804710,7,4134558021,306,15,3663,416,9/3/2013 9:12,3/15/2020 21:42
5054504733,7,8296152886,300,47,141,414,4/15/2015 2:50,1/27/2001 17:11
46004707323,7,7415241442,311,42,965,404,1/11/2017 12:46,2/8/2016 23:20
11054204054,7,5233201608,316,48,70,415,12/14/2010 21:48,1/27/2013 10:57
51073801317,7,4066033863,317,22,359,412,10/26/2004 20:51,12/24/2000 1:18
75061402082,7,2826024260,308,43,2114,409,9/16/2001 15:41,3/31/2007 7:40
55093306175,7,3925128366,317,39,467,410,7/4/2019 12:41,8/31/2020 22:58
34069404676,7,8953092314,315,20,2,412,8/15/2000 9:16,5/4/2018 1:59
2010507843,7,9364507158,308,20,521,413,2/22/2012 0:43,3/18/2009 22:14
51048706533,7,2481628620,305,45,27700,409,12/29/2018 18:32,4/12/2019 19:48
20096005024,7,4824904526,302,29,5220,409,6/10/2018 18:13,3/19/2014 1:04
49079100439,7,4696817902,316,31,10,417,1/31/2016 10:47,4/18/2000 4:13
80000302062,7,9682982035,312,44,192,403,1/3/2018 6:11,12/10/2011 5:19
69042304057,7,5537357055,314,40,920,416,3/19/2009 12:49,5/18/2018 13:36
90086605667,7,8526739539,315,38,3663,412,6/19/2001 22:19,9/20/2020 10:24
24013708117,7,2716387305,308,34,8,405,7/3/2008 2:25,10/30/2019 14:04
47092609382,7,5723159783,303,38,443,415,10/14/2010 2:52,10/1/2019 7:23
31042203762,7,8111281625,314,21,153,406,2/23/2011 13:47,9/3/2018 3:17
48060408029,7,3794541650,312,17,9536,402,10/24/2013 18:29,5/7/2009 6:25
9062901472,7,8016951914,306,21,7000,405,5/21/2013 1:03,5/2/2012 4:29
25082507847,7,4789186309,308,36,1524,414,5/24/2004 10:15,10/20/2017 7:13
47004908875,7,5179432964,308,19,745,416,7/8/2016 12:56,5/8/2013 21:16
32001306217,7,7933577409,313,28,965,415,8/29/2016 3:16,8/29/2009 7:33
47026209688,7,6109487973,308,29,86,418,6/7/2015 13:25,3/26/2007 1:15
76042902605,7,6261702029,314,19,1445,419,4/28/2003 10:49,7/1/2007 6:46
65097109464,7,7359619804,310,31,153,409,3/18/2001 16:11,2/3/2020 19:22
47078106929,7,4619895637,311,45,64,417,9/21/2016 18:19,10/19/2016 9:57
67085301690,7,9717310824,319,22,141,418,10/2/2011 4:54,3/27/2004 5:08
15020504393,7,8488109279,307,35,745,408,6/9/2000 16:10,5/29/2012 2:45
6038203719,7,4823572259,319,24,965,407,3/13/2008 22:27,1/25/2017 10:30
60000302041,7,8779765879,317,23,359,412,2/3/2018 0:18,8/30/2011 17:30
14046305557,7,8232116296,300,25,187,400,7/2/2014 0:20,6/11/2014 21:41
18025004204,7,2008258613,318,16,641,404,11/1/2018 4:16,10/29/2009 0:38
1057906381,7,9131237224,313,44,2,416,2/10/2017 18:41,8/18/2016 7:06
75087903902,7,6026410241,302,27,187,418,11/16/2002 20:55,7/5/2003 22:39
99035709206,7,3497722177,301,16,40,411,12/17/2005 9:13,9/21/2014 6:35
35000907955,7,8688805346,313,16,56,410,11/28/2002 3:51,8/21/2001 12:39
72034100673,7,1673995333,302,47,621,402,11/3/2014 16:14,10/28/2002 6:57
89066802948,7,8276828967,304,44,7000,405,5/24/2006 6:39,9/28/2006 12:56
20080107584,7,5462040292,319,32,521,410,6/18/2011 4:37,2/27/2006 0:17
49075101945,7,9556878670,308,20,965,400,3/9/2002 20:23,1/19/2005 23:00
51022408591,7,4588598064,300,47,467,407,1/19/2004 8:50,4/20/2011 23:29
79089504429,7,8035268530,307,25,425,409,7/13/2000 11:33,1/1/2003 12:58
69078108420,7,2983752535,318,18,2100,414,4/30/2017 8:50,2/27/2016 7:07
88098300518,7,9409046375,311,27,141,418,10/14/2013 16:01,11/23/2000 16:40
65023602860,7,9047712513,300,22,521,405,4/4/2014 23:05,1/4/2019 3:36
11042203046,7,6564138813,320,18,874,413,7/23/2009 21:29,9/5/2019 20:01
62042102147,7,1669938426,304,17,359,420,5/8/2000 6:34,3/1/2003 4:18
7062307104,7,7789481043,307,17,910,403,3/23/2011 3:47,11/7/2018 10:39
65037206854,7,2307893466,318,16,192,416,2/3/2006 11:51,3/25/2000 12:24
41023202051,7,1072737519,312,25,192,420,11/14/2001 7:03,2/25/2003 4:22
44004005286,7,5492692885,302,30,425,400,3/4/2007 10:01,9/9/2014 21:51
63084604410,7,6136293436,311,37,348,412,9/30/2009 11:06,1/21/2003 22:18
32045204527,7,3824294238,302,32,5667,402,1/15/2012 8:27,9/27/2009 13:58
81007708875,7,3557087833,306,33,1445,404,3/12/2001 17:24,12/4/2002 6:52
94049205197,7,2543349487,301,30,6524,417,8/16/2001 3:51,12/25/2005 8:07
69052708429,7,1444343625,314,34,6885,419,9/20/2006 3:40,2/16/2010 9:52
83036402065,7,3995822731,319,21,8527,401,4/28/2013 14:16,2/25/2009 11:42
28098003977,7,3833979340,318,28,7485,404,5/1/2014 16:14,4/11/2004 17:56
32073008325,7,7768517115,303,34,8447,405,3/28/2010 9:35,5/7/2005 18:17
56019106725,7,2274354339,309,24,6524,410,1/16/2001 13:03,7/18/2006 0:10
56036309177,7,5085919550,314,41,745,412,4/8/2001 22:15,4/26/2011 13:25
14002700445,7,5454748778,313,33,8527,405,9/20/2002 8:43,4/18/2001 3:28
6049406320,7,7688309174,310,44,40,401,7/13/2018 14:24,10/26/2005 1:08
50057805719,7,3767209471,320,19,40,411,11/17/2001 2:51,4/15/2013 4:35
75017000208,7,2001448372,303,16,3663,412,8/25/2015 5:22,8/20/2011 8:52
64069307767,7,4979895959,319,30,1524,411,11/21/2006 2:24,2/13/2018 13:58
70011802204,7,7466437710,306,26,4000,407,8/5/2003 7:03,8/16/2019 13:47
18081702718,7,3511030530,317,21,603,404,11/6/2008 22:40,11/20/2015 23:49
58045104399,7,4301744894,314,42,910,417,10/20/2000 12:05,8/18/2003 17:48
39049006360,7,6182623472,311,45,141,405,8/19/2015 21:04,6/17/2019 3:04
74204986,7,3823379695,307,37,965,418,1/16/2016 21:41,8/5/2012 20:57
23013509568,7,5854824301,316,36,32,418,1/22/2014 19:46,3/4/2009 22:00
64095407524,7,8841363296,319,30,7485,411,3/5/2018 14:30,3/14/2018 15:15
64056703529,7,5574490974,306,27,359,411,9/16/2001 2:35,4/8/2015 5:00
80023401144,7,3695953542,320,40,443,402,8/3/2012 10:22,1/25/2009 22:46
54093704276,7,3582051612,316,43,552,415,8/6/2013 16:49,7/21/2012 7:14
65093103803,7,6463622798,303,47,27700,413,5/26/2006 5:55,3/27/2000 9:43
12034205327,7,3825208081,303,45,2114,414,9/8/2016 18:37,11/29/2020 9:43
54009001179,7,8177791925,317,48,965,412,6/14/2017 0:16,10/16/2016 18:09
85055009114,7,1961217689,313,40,641,413,7/21/2006 7:55,11/2/2003 12:19
6021606980,7,2564170481,312,21,4100,409,9/6/2004 19:44,10/21/2020 7:59
18049103348,7,2754191307,313,24,70,415,7/12/2012 19:59,10/13/2014 4:59
16001603586,7,5613385657,313,46,8000,418,8/23/2008 12:57,2/26/2004 3:31
37074903354,7,7629776743,313,20,603,408,2/18/2012 17:34,12/9/2015 12:43
56056303003,7,6249093560,302,30,9,416,4/12/2012 4:32,5/15/2008 3:06
74095508176,7,3763144753,319,24,8669,408,11/25/2018 6:57,9/30/2006 1:30
52096503972,7,7802979038,307,46,5220,415,10/10/2019 20:40,4/29/2015 4:59
33028604879,7,1257577259,300,44,3552,405,10/6/2013 3:18,9/20/2002 18:53
83021107378,7,9576768329,313,36,443,410,10/18/2004 16:14,3/5/2003 22:00
18047003219,7,7591023182,305,27,641,408,8/17/2018 10:18,6/26/2017 15:31
7017503767,7,6957077041,313,42,8000,410,11/30/2001 22:33,10/10/2009 16:00
28098903003,7,5901506285,302,16,9954,402,6/17/2018 22:52,5/29/2019 16:24
49034208830,7,9076738418,316,31,745,404,7/26/2003 21:28,7/21/2008 4:33
64054305333,7,7075543427,307,34,3663,418,3/4/2008 13:33,9/8/2014 8:53
61063105470,7,4438471458,300,16,27700,407,12/31/2010 0:35,1/19/2011 23:20
69080102870,7,2445859367,315,17,32,403,9/10/2015 5:35,11/11/2004 23:55
58055606360,7,3504132179,314,32,9000,404,6/28/2005 19:31,4/17/2015 4:37
84087904293,7,7921745636,317,46,8527,403,4/22/2005 8:18,7/7/2009 23:31
44050208451,7,6447115349,319,17,9000,416,4/1/2010 14:16,11/15/2012 5:11
92018400779,7,7661291201,316,27,2000,416,6/9/2019 19:12,7/2/2007 6:08
6077605985,7,4053178157,303,21,621,408,3/4/2018 1:47,12/27/2016 2:11
13083606327,7,9725891896,302,35,502,404,10/20/2017 12:01,3/17/2006 2:57
64081308348,7,5405231431,308,34,5667,416,7/25/2002 2:39,6/5/2000 22:37
21081203037,7,1958766503,303,15,9536,417,5/19/2005 10:03,7/7/2013 9:23
18065402357,7,3243495997,320,30,70,410,11/14/2004 7:46,4/4/2006 7:20
18000609290,7,2504269011,312,21,32,412,3/13/2009 11:50,8/4/2018 5:25
35089108156,7,5669797206,316,21,965,409,7/9/2015 11:00,12/15/2009 19:27
14024302347,7,7355048470,304,23,920,417,3/16/2008 4:20,6/26/2006 10:45
93035109435,7,8048423390,309,20,910,406,10/14/2010 9:30,1/12/2004 11:34
19045401830,7,4153497245,305,48,5667,411,3/24/2017 15:24,10/28/2003 18:09
78013702723,7,4576032602,305,20,153,413,10/10/2002 21:06,5/1/2005 16:43
72012306821,7,3346094117,309,18,8527,407,6/6/2015 10:43,7/16/2017 10:31
17014704927,7,5197063542,301,17,969,417,5/9/2015 9:08,3/3/2011 18:10
67072601090,7,9895209277,313,17,8000,417,10/19/2008 9:39,6/16/2009 23:45
46047105082,7,2172617669,314,44,3663,405,2/11/2019 15:32,2/28/2014 22:38
98096603422,7,6206225780,311,34,141,419,10/20/2010 20:58,10/20/2006 22:16
43042100882,7,3873897214,304,23,603,402,11/24/2014 10:01,6/5/2012 20:39
46020307143,7,5821258688,304,40,153,408,3/6/2016 8:58,2/19/2004 17:17
59009104533,7,9354935566,318,18,3998,410,4/4/2015 7:56,12/29/2017 10:49
60004604800,7,4383684611,316,45,3552,402,1/8/2004 2:17,6/7/2007 18:42
3041100238,7,1655313898,303,32,745,417,7/5/2011 0:00,11/3/2012 12:06
14067709376,7,1259720192,312,18,621,404,9/24/2019 15:06,3/2/2014 10:08
86020003095,7,6032743346,313,36,10,418,2/26/2004 14:26,12/20/2006 5:06
80054105831,7,4525449365,303,46,64,419,5/23/2012 17:02,11/29/2011 14:27
26095809473,7,4276785053,311,33,8527,401,11/23/2011 16:26,12/21/2019 4:47
39018904967,7,1237810036,307,46,8669,412,9/27/2012 8:10,5/30/2007 18:25
15084807260,7,6565673283,308,31,965,406,3/1/2007 14:21,10/30/2016 0:57
16051804876,7,5957912135,315,22,3663,420,8/31/2006 15:34,2/7/2010 18:50
62029002704,7,6953917936,319,47,852,400,1/29/2011 1:19,6/3/2000 3:28
36068504034,7,8232817192,304,42,348,401,1/29/2012 19:28,4/2/2009 3:26
64047403467,7,1668686051,301,30,9536,417,2/14/2019 0:56,7/18/2001 1:26
71062800030,7,7135791599,320,18,70,401,3/19/2001 6:56,11/17/2013 3:04
47072207993,7,9407874191,318,47,443,400,3/8/2019 16:53,12/21/2001 23:17
65032809937,7,7616911730,313,30,27700,401,8/24/2017 21:28,4/10/2006 11:16
38010107575,7,2133155330,312,30,9,406,2/9/2018 8:15,7/30/2006 9:14
1005005236,7,1312031595,308,48,443,413,9/24/2013 17:33,10/31/2019 14:56
24006009476,7,7521993238,312,27,86,402,12/19/2014 11:26,7/30/2000 8:36
27000106647,7,1468421329,303,43,348,405,9/20/2005 22:35,4/20/2019 7:26
16061306338,7,9768752700,301,39,3552,403,7/15/2017 17:47,8/15/2003 23:47
35074608304,7,4565306417,312,22,187,409,2/13/2005 9:51,9/17/2010 22:19
27015203283,7,7724195749,320,19,7485,419,4/30/2001 3:25,1/2/2011 13:09
11048108654,7,4783472106,316,48,2,409,3/3/2013 2:36,10/15/2002 14:29
72049308722,7,9798881524,319,45,153,403,6/1/2011 19:40,10/30/2010 22:12
71042201048,7,3068285669,318,18,10,417,11/28/2001 17:58,6/2/2004 16:57
51001009103,7,2833030984,308,45,552,404,5/14/2010 6:14,7/1/2016 2:54
38094105534,7,6604550328,309,31,521,415,12/26/2006 11:42,8/29/2002 20:15
5044601111,7,1833678815,301,27,8447,409,4/5/2009 17:38,9/6/2007 21:49
10042709011,7,8612106273,305,44,621,416,11/3/2004 2:13,9/10/2004 0:03
19003802378,7,5991019254,316,38,4100,419,2/2/2012 3:11,7/2/2004 4:39
96008508929,7,2442429416,316,21,9000,413,11/23/2005 6:45,2/26/2007 15:12
32068204014,7,1951838666,315,29,852,418,12/9/2011 4:16,8/23/2019 16:08
62081402210,7,7614866851,320,29,9536,407,5/20/2006 2:53,8/2/2005 1:18
22002202854,7,4692720359,311,34,9954,416,2/5/2017 14:02,4/26/2004 16:29
89042609847,7,8979787948,305,16,965,416,7/17/2009 1:42,1/28/2001 21:32
57086902484,7,8557305244,303,35,745,418,3/6/2005 9:23,8/18/2009 5:39
26032806367,7,6006897554,310,31,443,404,9/30/2014 5:08,3/21/2012 5:56
58041701147,7,7216267933,314,31,2100,405,1/29/2006 5:24,8/2/2020 11:24
72045402337,7,2865336139,312,29,27700,405,3/25/2017 1:23,2/8/2004 19:37
64047800037,7,9103863163,312,29,7485,400,1/15/2014 16:34,11/14/2014 14:41
38005409331,7,5092999851,301,21,8527,412,12/28/2000 17:57,10/7/2004 18:11
61058709213,7,9227415402,313,38,154,413,4/15/2017 7:21,4/27/2016 8:52
62069704277,7,2087410012,312,41,6524,406,7/29/2000 10:22,7/9/2004 23:11
94033107874,7,3708639774,306,38,5220,410,6/20/2001 13:39,8/22/2011 4:28
75068208799,7,4957591561,314,25,467,414,1/13/2014 2:43,8/26/2008 22:13
94056506499,7,7167111750,313,33,969,420,11/6/2016 22:12,11/22/2005 15:36
37097300543,7,7329903324,304,29,32,420,11/10/2008 19:47,5/5/2020 10:59
51061900536,7,1096343387,315,38,3663,407,11/29/2011 4:51,5/18/2008 18:22
69606072,7,9352865198,320,48,467,413,2/7/2005 15:54,12/1/2014 1:14
67098706498,7,7414668975,313,47,10,420,8/16/2014 8:10,2/27/2001 21:34
72011407046,7,9752521655,310,35,2100,416,5/8/2012 13:58,9/8/2013 13:15
90094203685,7,8245088922,317,22,641,402,6/9/2002 8:22,6/12/2020 15:59
42011506930,7,3636260786,302,45,64,418,5/28/2007 23:30,6/19/2004 21:08
9076805226,7,3721247838,306,35,56,417,5/20/2003 11:47,4/1/2014 14:11
70033805517,7,7815188975,313,40,8000,404,1/27/2012 13:47,5/11/2013 15:22
22007903313,7,4857452859,300,20,8000,420,12/23/2014 23:09,12/21/2010 1:38
88091509363,7,5108014788,313,27,2000,408,11/27/2013 18:47,2/4/2004 3:41
98023402551,7,8321761641,314,44,502,411,3/9/2019 10:02,2/21/2014 5:58
52065602979,7,8723801841,307,28,621,419,1/6/2012 17:24,12/15/2006 2:21
53010009116,7,2414760157,318,39,603,402,6/23/2011 21:37,10/17/2017 7:34
1010401423,7,2909512633,309,32,40,417,5/9/2010 3:26,4/27/2016 5:54
92053206959,7,5034167433,320,46,8,416,3/16/2003 3:11,9/19/2013 8:27
38079401124,7,4854848302,320,16,3000,417,8/18/2006 9:41,2/23/2005 14:41
91056903384,7,2401816878,319,26,745,411,12/9/2005 5:24,2/28/2006 15:27
69097401539,7,4964814337,306,45,10,417,12/21/2010 23:13,3/7/2012 14:26
89036202829,7,2935205674,304,19,9954,414,9/30/2002 16:27,4/11/2015 2:49
79075204244,7,4371431550,313,30,4100,418,6/23/2016 0:12,6/19/2018 9:15
63030603884,7,7668264831,308,42,603,410,5/31/2007 19:53,3/11/2010 11:39
37079306637,7,9112189966,315,40,2100,405,2/8/2002 17:57,10/19/2019 16:09
52032808902,7,1295192111,302,25,56,404,5/12/2014 7:54,6/2/2006 23:10
20024605153,7,1316426146,309,15,9,418,8/28/2017 17:29,10/7/2012 13:18
87016005754,7,5115123765,305,26,603,409,1/10/2004 15:09,4/28/2007 2:16
14036000514,7,5535000869,308,20,187,417,10/6/2018 22:00,11/9/2020 3:52
54041806688,7,3602458600,317,21,40,405,4/12/2012 15:39,6/22/2005 13:00
47050208895,7,2064567180,313,42,8,406,7/30/2004 18:28,2/7/2012 23:54
71050702817,7,7787017391,305,37,965,419,1/15/2017 6:46,6/4/2020 12:21
53016202916,7,9905349618,318,33,1445,417,2/10/2011 19:09,8/10/2019 4:22
8082300979,7,1646094377,304,25,552,408,9/27/2017 13:09,8/13/2007 10:35
64054004014,7,6892030254,320,15,874,416,12/10/2008 16:48,12/1/2015 12:25
51052500638,7,7077362984,311,44,192,401,10/28/2006 1:03,10/29/2006 1:34
15044207958,7,4238063648,311,18,27700,418,12/16/2013 22:25,12/3/2004 2:32
28099106405,7,5885408749,300,41,64,403,10/7/2001 20:57,1/13/2008 5:39
46044006920,7,8093019374,310,19,2100,407,3/2/2011 0:24,10/17/2005 19:16
9002707967,7,5425587297,305,19,10,415,12/27/2002 13:17,11/7/2016 2:19
9019109395,7,4146868258,309,45,874,411,5/31/2014 17:27,12/26/2012 23:02
32063206713,7,9655720869,313,22,9536,406,2/15/2005 13:38,4/26/2001 9:25
55012408857,7,3377743364,315,48,40,406,9/25/2000 9:24,4/6/2011 15:59
49070601518,7,4598614047,310,33,7000,418,2/25/2012 22:22,1/27/2013 9:38
93027104819,7,8162950551,316,36,7000,413,11/25/2013 20:44,7/19/2013 5:39
83021507222,7,3377350685,311,39,7485,412,6/10/2005 11:03,2/5/2003 22:11
27025809947,7,4287693055,313,28,5220,410,11/20/2002 23:02,5/6/2000 15:26
46033107191,7,4079731044,318,24,40,406,11/5/2002 20:45,3/21/2004 12:55
37057509255,7,2648612741,307,25,2114,417,5/29/2000 2:26,1/17/2010 9:43
34036201532,7,5878118874,310,31,621,403,1/16/2014 5:44,9/24/2015 13:56
41093802429,7,3036750147,313,33,969,404,12/12/2011 8:48,10/13/2012 10:05
14074506889,7,2484419178,311,41,64,410,7/2/2006 21:15,2/4/2017 15:45
27047306134,7,9439033834,306,17,1445,409,1/18/2011 15:18,12/31/2012 4:43
94063402898,7,1923796414,315,30,969,402,3/10/2003 1:59,11/29/2008 22:12
96072404404,7,8142339802,315,26,3000,415,12/26/2004 12:27,4/13/2000 1:25
55077101348,7,6012932867,304,23,910,412,3/1/2001 10:41,2/17/2013 22:06
98055900653,7,5677955955,310,37,141,402,1/25/2015 4:36,6/19/2001 7:02
83079007325,7,9208093116,320,27,443,416,8/3/2001 9:11,11/2/2002 19:30
89063804387,7,7502945396,313,35,154,405,1/11/2016 17:10,2/11/2013 18:02
94063009639,7,8244195339,313,31,3663,403,4/27/2014 4:20,7/1/2007 3:38
45070606945,7,2842057529,313,34,969,406,11/18/2017 20:27,5/28/2001 13:36
44037101597,7,2102113628,313,36,359,405,2/14/2016 7:20,4/22/2019 9:50
48011400055,7,8587497702,302,26,64,412,9/28/2017 6:32,4/23/2007 5:10
35036806476,7,2935462128,302,44,86,415,3/10/2015 13:51,4/17/2015 16:30
28002004454,7,2784404964,302,30,2,405,4/29/2013 11:56,3/18/2008 14:21
84032007455,7,9334826753,302,46,7000,418,8/31/2003 19:36,8/1/2010 12:49
27096101898,7,7893991475,310,44,6524,413,12/4/2016 5:53,8/22/2012 3:58
54044704578,7,1842871263,313,42,56,418,6/29/2005 16:07,1/5/2021 7:05
13014106941,7,3012010096,319,20,8,402,11/27/2009 9:07,2/16/2012 18:01
63021900565,7,1661480739,313,29,965,414,1/5/2005 2:38,11/27/2008 8:49
44091303413,7,4741108537,309,29,3663,400,9/9/2015 5:50,4/6/2002 3:40
97036606748,7,1756533377,319,24,7485,415,3/11/2017 19:07,1/15/2011 4:57
59002506534,7,6376274212,318,38,9536,405,4/2/2019 16:12,4/4/2005 5:20
99030400734,7,4115585437,307,32,8,400,5/13/2007 10:15,12/18/2018 11:14
94006809386,7,7181796529,315,30,965,407,1/29/2014 12:16,6/28/2010 9:41
15023600035,7,5317793469,307,22,502,417,8/31/2003 19:22,5/14/2007 7:52
48039503913,7,1765781907,315,43,1524,415,5/1/2015 13:07,2/28/2001 17:45
63007609761,7,2026815535,304,15,8,406,11/21/2002 16:53,7/1/2013 16:31
7087107441,7,3091277249,309,45,9,418,7/25/2001 1:41,11/3/2017 23:31
48090709520,7,2283238595,309,22,9,401,4/10/2011 2:27,3/22/2014 7:15
90061104608,7,5253841043,306,46,6524,408,7/25/2013 4:34,10/17/2019 20:22
70036405542,7,8572761748,318,22,8527,414,12/14/2015 3:42,4/29/2015 6:29
94066401123,7,3083730557,311,25,9,412,9/8/2009 7:15,7/23/2000 12:12
23044803325,7,1265711097,314,25,8000,400,12/16/2004 0:58,7/11/2001 16:43
59005309390,7,7669630801,314,22,40,406,12/23/2011 12:38,9/27/2010 8:23
13028901271,7,9378316453,319,15,745,407,7/16/2001 21:01,11/16/2006 17:21
86080803315,7,9948700167,305,39,874,406,3/20/2007 16:04,3/2/2018 16:32
61084409110,7,8884976567,320,41,100,406,7/8/2001 23:53,4/18/2019 16:32
62063905342,7,2275788046,319,41,359,409,11/7/2010 20:37,10/26/2014 0:37
22032806561,7,2233582590,304,30,4000,407,2/28/2014 16:08,7/10/2007 3:02
1085005331,7,1515953197,311,20,141,411,4/15/2003 15:51,4/14/2018 8:32
79040108546,7,9957070092,310,19,187,412,8/18/2010 6:43,7/3/2019 18:16
39026504235,7,5254530964,319,26,852,402,7/15/2007 4:20,10/25/2004 5:28
33068409901,7,4481924068,315,21,502,408,1/13/2011 9:12,8/25/2005 6:00
26061004383,7,6605608989,311,38,154,407,9/19/2016 18:56,1/24/2018 19:07
93022403310,7,7801850167,311,33,9954,414,11/8/2003 22:35,11/22/2020 4:26
7061005940,7,6465617233,317,19,552,407,6/19/2002 4:46,4/29/2000 15:08
60069706705,7,6186061997,302,25,154,418,10/24/2019 19:08,5/4/2007 7:14
70012900908,7,3364826292,316,18,10,404,10/5/2002 21:02,2/7/2005 23:08
51080308774,7,1693187934,303,15,552,420,4/23/2009 23:25,8/7/2013 22:48
58034005413,7,9949044851,302,26,32,414,9/5/2000 19:53,3/12/2004 17:10
64005909561,7,1317989049,318,33,192,404,3/29/2018 0:25,2/13/2013 4:56
14025106539,7,4719499977,313,22,425,408,6/17/2006 2:58,12/28/2001 15:46
59035300528,7,7746540901,318,42,141,411,4/7/2017 3:50,11/23/2013 14:08
58029201010,7,5617925093,313,20,64,404,12/11/2007 1:10,4/26/2000 0:34
33063306413,7,2103943782,315,42,9536,409,6/15/2016 20:50,7/24/2006 6:47
7000308162,7,7887125168,300,40,969,417,4/3/2013 13:51,2/20/2005 22:49
88042104054,7,7139196025,312,34,2000,411,3/12/2006 12:56,7/14/2019 23:01
78027306919,7,9951086150,319,46,3552,408,1/12/2015 0:31,2/3/2004 3:38
41031104304,7,4277745651,315,19,3663,406,11/17/2017 10:10,2/22/2014 20:16
46012503541,7,1885442150,317,34,603,415,5/26/2014 23:47,1/11/2013 0:54
59087609202,7,3536276691,312,18,8,406,2/23/2001 14:37,6/16/2012 15:30
8027405236,7,3472710471,304,22,2000,408,8/1/2012 5:32,3/21/2018 7:13
2005301026,7,9017351137,307,21,32,414,1/18/2001 10:32,7/27/2005 8:45
96027904598,7,8802132699,309,18,641,400,1/3/2018 16:41,9/27/2015 15:48
68067307803,7,9649728587,302,35,1524,407,2/18/2007 16:14,8/28/2002 10:19
52079307064,7,8076541703,310,33,3998,417,7/8/2007 4:38,5/22/2005 8:00
69043203679,7,7741102625,312,38,187,418,7/30/2007 18:51,9/25/2003 9:10
19056402950,7,2721043589,303,38,641,404,6/30/2007 22:15,4/30/2008 9:58
77090402033,7,2489628654,307,29,348,417,8/27/2015 23:14,6/21/2004 20:58
27045402439,7,2198584891,301,33,1524,404,8/28/2015 4:57,5/11/2003 17:50
85040207584,7,8475855501,316,44,745,400,12/8/2005 1:32,3/12/2005 6:33
53021308275,7,4823932798,313,29,27700,418,6/29/2001 6:32,8/23/2019 4:27
54092006887,7,5546814860,305,42,2000,403,9/24/2007 5:26,6/16/2001 12:54
84041805464,7,9078870816,320,33,603,406,7/18/2019 16:14,5/24/2009 20:26
66012507487,7,4683903078,307,23,3000,414,7/5/2015 0:18,8/16/2004 8:07
46008105888,7,9838315926,319,47,4100,418,2/3/2008 2:43,6/30/2010 10:41
60012101953,7,7311731278,313,35,7000,420,7/27/2008 9:45,2/11/2020 22:14
21035301963,7,4388031651,313,24,425,414,1/31/2005 5:04,8/30/2003 10:02
74091107242,7,1833351267,313,24,7485,403,9/12/2003 9:21,5/29/2015 22:04
38041901044,7,5541922173,316,42,7485,409,12/13/2003 3:20,8/3/2013 5:44
23033606567,7,3037874385,313,44,5220,418,12/12/2003 18:45,7/26/2015 6:43
8023505646,7,5214898451,317,32,6524,402,4/19/2010 23:35,1/9/2010 16:55
89060008772,7,6365795562,316,32,910,409,12/28/2015 0:31,1/9/2004 18:53
23073200179,7,6401740076,318,38,7000,420,6/4/2012 13:32,2/17/2006 5:02
52081705901,7,4745056053,315,38,502,414,3/17/2004 10:17,12/16/2010 21:56
98093500629,7,9193164491,313,28,467,411,8/7/2016 16:15,6/29/2013 4:01
65022101831,7,8253977979,302,29,552,409,1/24/2005 14:03,9/25/2006 16:04
54010006644,7,4551102637,314,24,3998,405,9/27/2013 3:26,11/16/2020 10:20
63027001102,7,2522057696,319,35,192,419,1/21/2013 19:12,10/6/2020 21:09
47046307492,7,9949032979,305,40,521,406,5/28/2001 20:08,12/13/2007 13:30
97080405855,7,4972324863,316,29,965,406,8/20/2012 6:07,2/27/2010 13:22
60090601587,7,3846155102,316,21,10,407,11/30/2009 8:50,10/28/2015 12:06
32032402523,7,2967840680,308,36,621,420,7/30/2000 17:44,5/6/2004 5:05
98086706804,7,8434524278,307,41,3663,413,9/18/2018 9:53,4/10/2010 10:26
81000002529,7,3769105397,317,31,70,404,4/23/2011 7:57,5/4/2019 20:48
66040204973,7,6036206699,306,27,8669,408,4/2/2011 21:59,3/18/2001 8:38
6088606993,7,6137281736,313,35,4000,406,6/29/2008 21:11,2/18/2018 17:45
30022808947,7,4292250585,319,38,6524,412,9/7/2000 11:58,2/6/2017 10:57
25055404715,7,9294185314,304,24,745,415,3/2/2017 4:53,4/9/2011 1:43
75027706231,7,7701168099,320,23,2114,412,1/17/2013 12:09,1/20/2017 16:23
69057205166,7,8172277439,313,16,153,411,7/5/2002 18:44,5/12/2016 3:32
29002508889,7,2298345743,300,36,621,414,5/13/2006 3:14,4/25/2019 16:23
41003604787,7,7218135788,319,29,745,419,2/27/2014 17:40,9/2/2016 19:09
46063107042,7,8007665498,306,30,2,404,8/29/2016 13:12,9/20/2007 18:03
5002300092,7,5289579950,311,19,6885,418,4/25/2004 6:41,4/2/2001 16:30
19058108156,7,6108414587,312,19,3998,414,1/8/2018 17:34,3/26/2001 13:34
78007708233,7,4523481954,300,20,153,408,11/28/2019 6:26,3/31/2018 14:29
69093904341,7,3204842663,312,40,3000,410,4/23/2003 23:00,9/22/2003 16:23
32035309446,7,9458014386,311,25,603,415,3/27/2014 1:56,1/22/2003 17:44
69000700305,7,3149257850,311,35,5667,414,4/6/2014 17:32,8/27/2019 14:29
78065300033,7,1235779523,308,27,745,418,11/16/2005 17:39,9/23/2001 0:59
15028208686,7,7974736673,302,48,154,413,7/14/2013 2:42,7/3/2020 1:32
32090503543,7,9797312356,313,48,2,418,6/20/2018 7:42,11/4/2011 15:39
39028604979,7,3226837802,309,41,3552,412,12/24/2006 19:40,5/5/2008 0:53
53025807748,7,6256070350,301,19,8000,408,3/4/2001 11:43,7/12/2002 17:04
37073501988,7,8351425447,314,25,32,403,11/24/2009 20:19,12/21/2013 7:29
43059005262,7,6788031809,313,38,1524,410,11/19/2017 13:06,9/4/2005 2:59
8091401832,7,3606788124,318,42,8669,417,7/22/2018 5:58,1/25/2011 19:14
97096606052,7,1199416681,300,22,1524,410,2/12/2017 5:20,4/9/2011 11:39
44018002854,7,8012296480,313,30,521,402,5/24/2009 21:50,4/15/2008 2:03
6020504018,7,6368747666,309,29,154,417,1/19/2019 12:06,9/30/2000 16:43
68029208130,7,2565061406,305,43,3663,404,5/4/2000 3:34,1/3/2014 17:54
71025304214,7,6103586596,314,24,3998,404,6/26/2013 14:42,2/1/2013 11:47
52019401230,7,1748096416,305,39,6885,406,5/28/2017 8:39,7/23/2015 11:45
12062508705,7,5971300345,309,19,467,408,3/25/2011 8:37,3/3/2011 20:36
78018309904,7,7816144644,308,40,10,416,3/31/2003 7:15,8/11/2014 23:43
5015706743,7,1358812001,304,27,874,400,3/10/2002 5:24,6/4/2000 23:30
5009202846,7,5349384003,301,36,425,407,5/3/2010 14:28,1/16/2008 21:46
19024900411,7,6059371649,300,33,141,404,5/14/2006 6:25,6/25/2010 3:07
28021402751,7,6064241665,309,45,3000,417,2/9/2013 3:36,10/18/2013 17:02
99097703391,7,4555338001,308,22,8,419,11/14/2009 11:18,9/25/2016 1:27
52035808031,7,1286450997,317,21,56,403,10/2/2014 3:38,11/5/2014 5:34
95011904391,7,7235791291,307,44,2,407,8/15/2002 12:51,1/5/2008 7:26
3056602893,7,3091354200,318,34,552,405,3/22/2008 17:19,11/21/2004 11:08
67009508194,7,2997384376,308,22,1524,413,3/10/2003 1:42,11/17/2018 2:52
21018206510,7,6254760975,319,19,348,400,6/16/2017 16:11,5/10/2016 19:52
53056003123,7,2021628883,313,24,154,419,9/4/2004 12:57,12/5/2012 20:39
63090107695,7,5386860917,309,26,2,402,3/2/2009 12:37,12/3/2013 12:46
33080601398,7,4742069589,309,35,5220,414,12/2/2006 11:45,11/23/2017 19:51
66079000860,7,2597195159,311,42,969,400,1/4/2006 6:47,6/8/2018 9:44
9020800150,7,3197211556,302,20,154,418,11/1/2004 11:31,6/10/2012 13:40
42005306734,7,1007415404,313,27,70,414,1/4/2010 5:29,6/29/2018 5:41
85090901807,7,4311618946,316,44,6885,417,6/2/2008 10:51,11/12/2000 19:33
11025208914,7,7676193204,313,38,965,400,8/22/2009 4:40,11/25/2011 8:32
36017902446,7,9611134081,306,48,521,404,2/7/2001 23:13,9/19/2005 15:25
72075402221,7,8893165555,303,45,502,417,1/2/2017 16:20,11/4/2017 13:45
50083202025,7,5847842078,305,38,40,406,1/28/2014 9:31,5/6/2009 11:46
18032208669,7,4024654422,313,36,641,414,5/29/2001 7:21,1/10/2006 0:05
16099807583,7,1701536836,316,40,1524,404,8/26/2013 15:34,3/24/2008 1:12
78003908265,7,2271576665,317,44,641,408,11/8/2009 16:59,1/25/2004 19:45
48078204289,7,2209940284,316,26,502,418,11/3/2002 6:08,6/8/2001 9:18
63038200561,7,3971569570,319,35,502,401,5/2/2001 8:12,8/10/2005 21:22
89051104002,7,6368795779,317,22,2100,400,5/14/2018 5:53,4/15/2018 0:19
10056807842,7,7454233356,304,44,8000,400,10/20/2010 12:05,12/23/2000 2:13
82085104466,7,2158325616,305,47,192,416,7/30/2010 1:22,12/17/2009 14:50
90003706930,7,6311308492,313,23,6885,414,12/4/2017 2:38,7/10/2020 17:17
2089804184,7,5107792941,318,36,2000,400,8/4/2016 13:49,11/26/2004 9:04
84075004004,7,5902748594,319,42,56,401,6/25/2002 8:27,9/29/2007 3:04
86078303797,7,1917121604,318,44,56,400,12/29/2013 12:09,3/20/2007 9:13
41084108296,7,1374566727,303,40,603,415,9/8/2010 18:19,10/4/2020 22:23
80088500410,7,6115591754,304,35,3663,408,10/3/2017 11:09,11/3/2010 23:20
87010706768,7,1118449849,305,29,9536,419,7/5/2011 2:43,7/26/2013 1:44
82048603504,7,5153433713,319,25,969,420,6/9/2001 21:14,11/17/2002 18:47
31003303110,7,8449698340,306,31,910,418,12/7/2004 16:11,10/3/2020 1:31
66087207570,7,9188335903,300,16,2100,413,5/1/2005 6:04,3/1/2001 21:40
16078303030,7,8436555208,300,37,3000,407,1/26/2016 16:11,7/14/2020 1:18
62035903183,7,6424865623,320,21,4000,415,10/7/2012 21:23,12/6/2001 17:36
16051000078,7,2174619814,318,34,192,404,6/30/2005 17:25,8/4/2000 20:49
45088905851,7,5152489994,313,15,2114,402,2/28/2006 19:44,9/14/2011 13:16
61092203683,7,2345602090,320,46,9954,403,11/24/2019 11:21,4/7/2015 17:03
67001309613,7,8757179290,313,20,6885,416,4/21/2006 10:13,7/7/2007 3:08
25004408450,7,6096199364,304,37,3998,408,5/3/2015 0:23,1/28/2012 18:29
89047109385,7,7359119658,310,16,70,412,5/24/2000 10:44,2/3/2006 16:49
73074306350,7,1673372732,320,20,3663,402,4/17/2001 16:18,2/13/2003 17:04
52018700764,7,5638037296,319,42,27700,419,5/15/2015 17:40,12/5/2001 8:37
38007706340,7,8404685757,311,37,9,411,2/28/2008 5:00,5/30/2009 2:03
22083404324,7,1819188783,317,39,641,420,1/31/2008 17:49,4/14/2014 22:33
65043606109,7,2413781761,309,25,965,419,4/13/2018 19:26,4/27/2006 15:13
35068301096,7,4986397404,312,38,2,419,4/1/2006 1:03,11/3/2018 12:01
77014101323,7,8652119342,300,17,745,400,8/21/2016 14:51,12/15/2013 7:48
31029205276,7,9234316034,309,16,443,407,12/14/2015 5:27,11/16/2019 3:11
79056903359,7,8215535301,314,42,852,419,7/31/2008 17:16,7/12/2000 13:13
97063607595,7,2087763557,317,37,467,400,11/16/2019 4:08,6/15/2000 1:20
61088603649,7,3408438606,307,17,3663,403,9/22/2015 6:27,6/7/2002 16:24
8027403133,7,6045432502,313,46,56,403,8/2/2008 14:28,7/17/2020 17:13
81051601400,7,3522901595,320,27,64,409,5/25/2011 9:08,11/13/2009 2:05
64077008983,7,1779487859,309,48,603,404,3/20/2004 13:19,3/15/2020 15:06
63012108121,7,3317961690,314,22,4100,418,10/29/2011 23:18,10/18/2013 2:35
39022103484,7,6015915723,320,31,8,418,6/14/2001 14:28,10/1/2010 23:41
65054804503,7,8712242733,307,26,100,408,9/25/2011 14:37,7/18/2006 15:26
40037702367,7,6317682264,306,39,86,413,1/21/2000 9:25,9/19/2017 11:34
84061108297,7,8386634977,314,21,3998,407,7/3/2002 22:10,7/6/2008 4:54
35017905754,7,2255247453,313,23,969,408,9/22/2005 22:09,9/30/2000 3:20
38081904797,7,5206167705,318,25,467,409,7/4/2005 9:51,5/26/2010 19:43
83016906652,7,1912872656,301,21,8,400,5/16/2017 13:46,9/20/2015 19:30
13048000667,7,5861949656,303,26,552,412,1/9/2004 21:11,2/6/2007 14:49
76046002228,7,5983072993,313,45,64,400,9/21/2003 21:38,6/8/2001 16:00
43010209522,7,6386426228,314,23,86,409,7/16/2011 20:23,5/9/2004 3:19
99007306866,7,6322284383,309,29,10,407,2/7/2014 23:34,2/14/2012 20:28
20074001294,7,1041185962,304,48,32,413,12/19/2000 9:56,10/12/2016 15:14
13017807134,7,6772423086,307,33,5667,409,11/13/2009 21:10,7/12/2020 8:01
71014801618,7,4164232777,313,40,1445,405,7/8/2015 18:25,3/6/2009 20:52
55023903687,7,3322265085,309,24,141,420,1/24/2016 18:52,7/25/2016 19:09
23035705516,7,9495018545,313,25,969,411,1/5/2017 15:19,12/20/2012 6:02
2094403943,7,6835213240,315,46,5220,418,1/13/2016 23:37,9/30/2018 7:22
43061907670,7,9755242645,300,21,874,420,1/17/2010 14:42,5/13/2011 15:23
93068203752,7,6076714062,313,33,2,400,2/12/2004 7:47,3/15/2001 16:44
32065206699,7,9867229012,319,45,920,420,10/5/2005 10:40,6/2/2015 2:57
62014707744,7,4268702828,304,32,603,409,11/21/2008 14:11,7/31/2000 18:06
68030307176,7,1234856943,309,21,359,411,8/17/2003 13:20,1/13/2008 21:04
86067107819,7,9513108322,305,44,745,405,1/24/2001 15:53,12/17/2002 9:55
57094906931,7,9265200342,315,48,2000,410,7/4/2019 1:33,9/7/2000 4:52
76003405854,7,5401658337,313,26,7485,401,1/16/2003 21:53,1/8/2017 22:19
55007100482,7,8989699435,304,42,552,416,7/4/2006 11:02,9/15/2013 7:21
26007007945,7,2428988364,301,17,40,411,11/3/2015 8:42,5/22/2003 13:33
53060807363,7,2641013103,313,20,5667,409,4/30/2002 2:02,2/23/2012 8:24
64050702482,7,2637830825,309,47,141,415,5/29/2008 16:15,1/21/2005 18:10
17085800363,7,4342464287,301,37,86,403,5/14/2018 22:36,12/17/2000 15:02
63079208627,7,6601299843,305,25,6524,418,6/1/2000 18:19,12/29/2002 7:39
85080500655,7,7961230054,300,24,6524,414,1/10/2012 4:42,5/17/2018 4:12
38904876,7,4499770093,307,18,3998,405,5/7/2017 13:03,3/8/2008 9:03
16015603051,7,4272161622,313,45,467,400,5/7/2013 12:41,3/31/2001 19:03
68002904718,7,8035670019,304,27,7485,408,8/11/2009 2:28,7/3/2002 10:43
66064702360,7,7207327381,307,30,2,416,12/5/2012 11:43,3/17/2003 8:51
54094409534,7,5354797824,318,17,874,400,11/19/2006 22:42,5/12/2010 9:32
